Gene_Symbol,20_control,120_control,294_UC,301_UC,316_UC,92_UC,119_UC,122_UC,123_UC,124_UC,125_UC,126_UC,127_UC,128_UC,129_UC,130_UC,131_UC,144_UC,151_UC,152_UC,153_UC,154_UC,155_UC,226_UC,232_UC,233_UC,234_UC,235_UC,238_UC,239_UC,240_UC,241_UC,242_UC,243_UC,244_UC,245_UC,246_UC,247_UC,248_UC,249_UC,250_UC,251_UC,272_UC,277_UC,280_UC,282_UC,283_UC,284_UC,288_UC,290_UC,291_UC,292_UC,295_UC,297_UC,298_UC,302_UC,305_UC,306_UC,308_UC,315_UC,318_UC,319_UC,322_UC,10_control,11_control,14_control,19_control,28_control,31_control,33_control,34_control,35_control,36_control,38_control,39_control,41_control,42_control,44_control,54_control,55_control,64_control,65_control,67_control,72_control,76_control,77_control,78_control,79_control,80_control,81_control,82_control,83_control,84_control,85_control,86_control,87_control,88_control,89_control,90_control,117_control,118_control,121_control,180_control,114_UC
AADAC,-3.2829,-1.4809,-4.2771,-0.29026,-8.2387,-0.12396,0.85059,-1.1099,-5.4847,0.61287,-1.7965,-1.3778,-3.0808,-0.33581,-0.071647,-1.3531,0.10981,-0.11412,-0.79791,-0.49613,-1.2282,-1.417,-0.86301,-0.32316,-1.0791,-0.86072,-0.60369,-0.85203,-2.4363,0.14314,-0.93769,-0.27045,0.93602,0.28963,1.1087,1.4839,-1.1408,0.46625,0.55935,-1.078,-0.067678,0.28487,1.4173,-0.50228,-0.43508,0.49599,-0.55901,-0.66393,-0.72873,-4.8966,-4.0757,-0.28642,-7.7626,1.6205,-0.92849,0.20935,0.27192,0.20301,-3.411,-0.54871,-0.46759,0.0076485,-0.12013,1.5721,-0.011663,-1.616,-0.87912,1.1444,-0.25057,-0.58611,0.42846,0.57373,-0.14509,-0.57916,-0.81791,-0.25417,-0.42053,2.2459,-1.3449,-1.5405,1.2912,0.7379,1.4285,-0.47416,-0.84396,-1.0717,0.98543,0.70252,-0.60143,-0.53021,0.93814,0.011663,0.31362,1.7044,0.776,0.72284,-1.0316,1.1623,0.1992,0.23903,1.3615,-0.93472,-0.24844,-0.37507
APOA1,-4.1352,-1.6725,-7.1471,0.096637,-6.9305,-0.21108,0.36516,-1.8568,-5.9784,1.9106,-0.42238,0.52923,-1.6549,1.6328,1.1855,0.24492,1.4212,-0.49672,3.7425,-1.2758,0.71566,-1.5946,0.26511,-0.71194,-1.5805,-0.63436,-1.1262,-0.030909,-1.8319,0.57888,-0.55227,-0.60418,0.20352,0.39369,0.31257,0.6963,-0.84025,0.52583,0.051712,2.7892,-0.48082,-0.19903,1.8755,-0.59044,0.67588,0.032162,-1.68,-0.40616,-1.4542,-5.6878,-1.2173,-0.45339,-7.4746,1.1521,-1.3862,-0.09862,0.36706,0.5861,-5.1515,-2.2126,-0.10295,0.030519,-0.00097847,1.2255,-0.36657,-0.81166,-0.58009,1.4326,-0.38986,-1.1642,1.4971,0.011119,1.4524,-1.3823,-1.8003,1.0252,-1.2287,3.2963,1.2403,0.33354,1.1517,0.78216,1.0637,-0.31107,-0.83369,2.7725,3.7346,0.78053,-1.5493,-1.3094,0.45626,0.14409,0.44341,1.0468,-1.4199,-0.29633,-0.56904,0.74486,0.20014,-0.15932,1.0516,-1.2075,-1.0685,1.6089
APOA4,-2.3672,-2.1581,-5.6337,0.49465,-7.2843,-0.35863,0.35096,-1.921,-6.4017,0.68141,-0.31717,0.80295,-0.61339,1.0295,0.72323,-1.371,0.92324,-0.48754,1.8001,-0.40874,-0.34573,-1.2502,0.45805,-0.89436,-0.64,0.14822,-0.66058,-1.2094,-2.96,0.53322,-0.024536,0.51452,-0.75388,0.094172,0.38221,0.52294,-0.67779,1.5624,1.0658,1.116,0.64928,-0.31936,2.1388,0.046517,0.48828,0.45238,-0.6903,0.16514,-1.9461,-4.9953,-1.0334,0.19797,-8.2498,1.2923,-0.9519,0.40038,-0.018276,1.1961,-3.4237,-1.7525,0.2939,-0.30958,-1.1629,2.4302,-0.88943,-1.3335,0.19753,1.225,-0.18375,-1.9307,1.2973,0.24662,0.4037,-0.96689,-2.26,0.6223,-1.4038,1.7806,0.41022,-1.2247,1.4576,0.78826,0.53328,-0.96473,-0.60028,-0.13954,1.2894,0.28265,-1.7773,-1.4913,0.24578,0.041152,0.1436,0.65827,-0.47013,-0.076374,-0.82947,0.54624,0.53234,-0.29898,0.26538,-0.071699,-1.2062,0.78129
APOB,-1.5224,-0.82677,-5.8985,0.88021,-7.7721,-0.65271,0.27351,-1.6843,-6.1736,-0.71572,-2.5555,-1.3507,-1.0844,-0.40464,-0.068498,-0.99802,-0.11608,-0.45788,0.25819,-1.1384,-1.0021,-1.1834,-0.72957,0.095546,-1.6566,-0.41366,-1.9164,-0.37664,-3.3879,1.2265,-0.44177,0.89045,1.4024,0.4424,0.96144,1.2294,-0.81773,0.16344,0.33269,-0.47789,0.59399,0.49137,1.7725,0.78001,-0.70181,0.45921,-0.38818,0.026521,-0.55714,-4.8317,-2.0798,0.66664,-8.2795,0.88102,-0.50034,0.025023,-0.79591,0.60318,-3.4644,-0.67197,-1.1736,-1.1393,-0.64707,1.8028,0.017747,-0.72263,-0.72984,-0.17379,0.074871,-0.26068,-1.1213,-0.10876,-1.0545,-0.19723,-1.1724,-1.3848,-1.0903,0.75133,-0.51251,-1.2347,1.1015,0.65626,0.3346,-0.92507,-2.4287,0.24714,1.3347,0.45971,-0.46548,-0.34878,0.98721,-0.13822,1.021,0.79763,0.30653,0.46987,-2.48e-05,1.0253,0.41715,0.14618,1.0169,0.07599,-0.44267,-0.37282
APOC3,-2.5443,-1.3639,-5.9606,0.2887,-7.5903,-0.18737,0.31661,-2.4269,-6.5342,1.6488,-0.042775,1.0455,0.5107,1.2113,1.029,0.89875,2.2047,-0.13674,3.1578,-0.68667,0.47647,-0.9185,-0.22291,-0.74507,-0.45678,0.33436,-2.1102,-0.47111,-0.92568,0.44725,-0.78049,-0.30862,0.2939,0.22621,0.49654,0.58265,-1.3329,1.1774,0.67423,2.313,0.83559,0.13984,1.7255,0.023253,0.49578,-0.073836,-0.057092,-0.67732,-1.3875,-5.1966,-0.94573,0.32936,-7.9215,1.4428,-0.10651,-0.24187,2.5217,0.92862,-3.7329,-1.7036,-0.51851,0.056112,-0.2133,1.5066,-1.3425,-1.9067,-1.3725,1.3397,-0.43239,-2.0174,1.3444,-0.41017,1.368,-1.3961,-2.4631,0.81671,-1.7506,3.3441,0.33853,0.55181,1.1482,0.54233,1.1109,0.89119,0.11514,2.3461,2.8818,0.7361,-1.9279,-1.5313,0.56085,0.18795,0.10493,0.81587,-0.82419,0.19136,-0.58197,0.59072,0.047763,-0.39229,0.53516,-0.99656,-1.3029,2.2625
AQP9,4.9798,6.3541,5.1959,3.2416,7.0784,3.0403,0.51203,-0.36701,5.7233,0.083431,4.0134,4.0467,1.4804,0.47051,0.9267,1.6976,2.6729,3.7046,2.2067,2.3782,4.9218,0.019058,2.0954,1.6174,4.3489,1.6866,0.81241,-0.37835,1.0201,3.4676,3.3145,-0.22443,4.1785,-1.915,-1.915,-1.915,0.84944,0.11429,-0.63898,3.6518,0.95277,-0.5596,0.2083,2.6971,2.3248,-1.5391,3.2176,1.6695,-0.96354,5.0984,7.6864,4.167,6.3133,-0.42291,0.92011,-1.915,2.4874,2.41,5.6058,6.1936,4.5676,-0.62581,-1.915,1.5198,-0.84782,-1.381,1.9961,1.0791,-0.11859,0.37454,-1.7926,-1.915,1.1176,0.026311,1.9254,0.43903,0.96636,2.2568,0.33787,1.4302,1.5486,1.874,3.0673,3.187,0.7429,3.8246,-1.915,-1.0543,-0.26086,-0.026311,-0.79206,-1.8353,0.68605,-1.915,-1.915,-1.915,3.4076,-1.915,2.6798,1.4189,-1.915,4.8967,0.725,5.1574
C6,-3.8062,-0.46545,-4.2263,-0.81723,-2.2206,2.5853,-0.55767,-2.6294,-4.6266,0.043478,-1.5943,-2.997,-2.8975,-0.054873,-1.5056,-0.73465,-0.086901,-2.2068,-1.0557,-2.9763,-3.0036,-0.74079,-2.8674,-1.1236,-2.6061,-1.4152,-1.128,-0.90951,-0.65724,2.4753,-2.2698,-0.060509,-1.1256,2.1754,3.596,-0.63398,0.3142,-0.28016,-1.4863,-3.0028,-2.1397,-1.4069,0.0048485,-1.8664,-2.5918,-0.56985,-1.8708,-2.873,0.20507,-2.9713,-0.21065,-0.28794,-3.2524,0.79802,-1.0527,-2.088,-1.7749,-1.9398,-4.6165,0.66682,1.6886,-0.96216,-0.70437,-0.39463,1.7316,-0.1515,-3.9292,-0.25626,-0.79598,-0.83718,-1.5955,-0.47629,-0.25165,-1.88,-1.2629,3.2333,2.6976,-0.61848,2.2093,2.9534,0.45191,-0.88586,-0.49049,0.094616,-1.5194,-4.8323,0.73707,0.075721,-0.031348,0.54423,0.64382,0.051338,-0.5174,0.038062,-0.89389,-1.2766,0.04943,0.70403,2.6573,0.32811,-1.7109,1.88,-2.2743,-0.67706
CEACAM7,4.3235,1.3698,7.2743,2.7736,12.2337,7.6404,-0.91502,-0.66478,11.5114,2.1267,2.0458,11.3651,2.5346,-1.1492,1.6606,3.6484,2.7162,5.8829,2.587,-1.6565,4.8938,-2.1856,-0.22472,-0.28245,4.171,1.6799,0.17237,0.54792,1.4004,-1.1818,3.2595,-1.2592,0.075732,-2.5347,-1.9,-1.5763,-2.5347,-0.4051,-1.2587,-0.36018,-1.6669,-2.0683,0.0036409,0.9986,1.1422,0.36556,0.7719,1.6062,1.5042,4.3271,7.1551,1.3547,11.9672,2.1273,2.0847,2.7677,0.60467,-0.71221,6.4967,4.7041,2.6723,4.4494,2.6263,0.82747,-1.0525,-2.0299,5.0665,-0.9556,-2.0602,-0.46755,-2.5347,-2.5347,-2.5347,-0.33693,-0.62026,-2.5347,-2.5347,-0.063297,2.1458,3.161,4.1444,4.5223,4.6594,-0.43266,-0.46176,-2.4631,0.15733,0.22523,-0.073198,7.2439,0.91018,-1.4549,0.48139,0.79319,-1.5732,0.099041,1.3956,-0.89707,0.92257,0.30173,0.40122,1.2571,-2.2166,3.3104
CHI3L1,3.8649,5.349,2.8697,-0.18861,2.4578,3.6118,0.30204,1.8657,4.8217,-0.26072,2.1345,1.3763,1.4025,-1.5654,-1.8974,0.26759,-2.4333,2.546,0.6335,1.1688,2.8014,0.1758,2.8441,0.61335,3.1918,0.36282,1.7999,0.63502,1.4248,-4.4054,1.3572,-0.65626,-3.209,-0.78923,-3.4246,-5.7583,0.56996,0.21589,-1.8973,1.7738,-0.30553,0.22163,-2.05,-2.3478,1.754,-0.90127,-2.0042,1.0374,1.2378,4.2842,3.7963,-0.063268,3.8716,-3.2662,0.24678,-0.60562,-0.35586,1.4905,3.7877,3.3721,3.2669,1.1114,-2.6479,-2.7829,1.1455,1.465,0.47233,-0.37181,-0.89146,1.534,1.8215,1.0459,-0.10674,0.99498,1.8627,0.2034,2.5174,1.4781,0.70796,0.8389,-0.3419,0.27155,0.87686,-1.1968,0.72408,0.12126,-0.12763,-2.3125,1.5363,0.19867,-2.0503,1.0366,-0.33074,-3.5444,-0.60533,0.91754,1.1323,-2.6612,-0.53546,-0.65174,-2.1086,-0.30353,1.0676,-1.1876
ABCC2,-2.4719,-0.60178,-4.7242,0.37114,-5.9307,-0.51115,0.10816,-1.1192,-4.7431,-1.0639,-2.1918,-2.0647,-1.3926,-0.28305,-0.0099812,-0.37891,-1.7457,-1.0749,-1.1447,-0.70653,-1.4898,-1.0897,-0.58554,-0.22042,-2.1431,-0.39591,-1.2678,-0.26884,-2.9021,1.5263,-0.38151,0.46962,1.5758,-0.059657,1.8114,1.4843,-0.9235,0.24114,0.39161,-2.1434,0.44343,0.295,1.265,0.0011559,-0.33592,0.7402,-0.81634,0.16535,-0.75091,-3.3749,-4.9536,-0.34699,-5.4844,1.5574,-0.0059481,-0.14489,-0.0092697,0.68586,-4.0501,-1.0155,-0.3688,-1.0384,0.23175,0.57611,-0.38613,-0.53635,-0.16953,-0.74932,-0.46858,-0.56424,-1.3616,-0.050467,-1.6587,-0.13423,-0.84462,-1.9217,-0.57655,-0.86886,-1.2391,-1.7675,1.2113,0.67154,0.61091,-1.2156,-1.1139,-2.323,0.55535,1.0315,-0.35428,0.24451,0.97502,0.73705,1.7198,1.3737,0.87751,0.78353,-0.43007,0.86458,1.3749,0.66009,1.1965,0.07381,-0.13725,-2.525
CNTFR,-4.8704,-1.7886,-5.1613,-1.2997,-0.66342,-0.96437,0.15253,-1.6627,-3.199,0.056028,-3.0982,-0.050351,-1.5905,0.32422,-0.51631,-0.46935,0.49269,-0.90509,-0.84382,-1.4236,-0.63486,-0.95588,-1.2023,-0.34778,-1.7436,-0.92798,-1.4272,0.30962,-2.6626,0.53757,-1.4271,0.84573,1.5304,-0.14217,0.16062,1.7681,-1.1551,-0.66096,1.2126,-1.0021,1.0578,0.39688,1.0484,0.26433,-1.1092,-0.15042,-2.4948,-0.82664,-1.8185,-6.1287,-7.2009,-0.93171,-3.4711,1.6418,-0.93401,-0.82215,0.81064,-0.25237,-6.7739,-3.3961,-1.2057,-0.13838,1.3648,0.75209,-0.74217,-1.4199,-2.9346,0.30096,-0.24053,-2.6265,0.20838,-0.025145,0.32238,-0.3695,-1.1774,-0.43637,-2.2018,0.3265,-0.45736,-2.2392,0.8814,0.84597,1.5746,0.74932,-4.2618,-1.9255,0.66942,0.68415,-1.4046,-0.6638,0.51069,0.60665,0.25335,0.025145,0.38623,-0.84943,-2.4348,1.3347,0.1267,0.32442,0.14479,-2.1279,-1.3348,0.013557
CRIP1,-2.8011,-3.0359,-3.0955,-1.2166,-1.8257,0.97462,0.19576,-1.2201,-0.99586,2.0945,0.13545,1.5431,-1.2833,1.3998,0.73467,2.765,2.456,0.22931,4.2773,-1.3717,-0.74444,-0.41463,-1.1577,-0.18245,-2.5188,-0.88379,-0.41445,-0.60741,1.6058,-0.40238,-0.56062,-0.34305,0.36022,-0.32493,-0.10562,0.40769,-0.84243,0.31976,-0.41012,2.9935,-0.30236,-0.43373,0.97982,-1.0587,-0.24736,-0.0016451,-0.78813,-0.50732,-0.4257,-2.1323,-1.6876,-0.16646,-2.4966,1.1978,0.070477,-0.54269,1.7344,-0.44374,-1.8854,-1.2583,-0.36059,0.71098,0.93376,-0.023656,-0.34599,-1.2155,-1.6216,1.882,-0.56792,-0.90229,1.4854,0.079575,2.4633,-1.1101,-0.57234,2.0425,-0.34992,2.7697,2.4492,2.2801,0.53723,0.014782,0.6309,2.3781,1.0811,4.8744,4.2405,0.26087,-1.8232,0.26938,0.92908,0.28573,-0.030647,0.40497,-0.47637,0.021571,-0.64268,0.55966,-0.72128,0.21357,-0.15909,-0.89254,-1.0506,2.7955
CSF3,1.6342,7.6248,3.858,1.1122,3.7157,1.6334,0.61969,1.548,5.9083,0.41348,4.0279,5.2678,1.6949,2.1225,0.0,1.4427,0.0,0.0,3.6972,0.29325,3.5888,0.3491,0.0,0.0,5.6405,1.0992,3.1774,0.53666,0.0,0.0,2.3226,0.0,0.0,0.0,0.0,0.0,0.76445,0.0,0.0,5.9294,0.0,0.0,0.0,0.0,2.3753,0.0,1.8106,0.0,0.0,3.9609,6.0042,0.082055,3.8319,0.0,0.0,0.0,0.81744,0.23754,4.3836,2.7581,0.0,0.0,0.30305,0.0,0.48222,0.534,0.0,0.0,0.0,0.0,1.7074,0.0,0.0,0.39042,0.0,0.0,0.074017,2.0564,2.2529,2.1608,1.2937,2.8776,4.5392,0.0,0.0,0.0,0.0,0.0,0.0,0.0,0.0,0.0,0.016097,0.0059611,0.0,0.048783,2.2523,0.0,0.55038,0.0,0.0,0.0,0.0,6.3878
CYP3A7,-3.0426,-1.1022,-4.9818,0.31581,-6.8817,0.16215,0.086803,-1.2882,-6.5916,0.35022,-3.2632,-2.7681,-1.611,0.18668,0.23512,-2.3069,-0.39157,-0.32397,-0.27804,0.49526,-0.007163,-0.20586,0.67841,-0.28451,-1.0112,0.094811,-1.0549,-0.31889,-2.1026,0.83357,-0.60039,0.1562,0.94845,0.32522,1.3147,1.0649,-1.1193,1.1065,0.27969,-3.5408,1.053,0.75056,2.0466,0.21497,-0.61005,0.98169,-0.71114,-0.56822,-0.86443,-6.035,-5.2085,0.4895,-6.2671,1.4986,-0.41328,-0.16561,1.2712,0.57776,-5.7532,-1.6935,-0.10542,-0.67646,0.56214,1.6892,-0.34179,-1.1712,-0.41171,-0.3728,-0.051949,-0.66606,-0.022988,0.1288,-1.347,0.048979,-1.1271,-1.0046,-0.82065,0.88656,-2.5715,-2.0185,1.2765,1.0239,0.89988,-1.7998,-1.3033,-2.5087,0.21341,0.55,-0.9094,-0.65279,1.1257,0.64421,0.55812,1.29,-0.077889,0.84158,1.0891,0.54844,0.18524,0.12814,1.1041,0.28642,-0.99077,-2.3459
CYP3A4,-2.5246,-1.0261,-5.7822,0.26329,-6.8596,-0.28253,0.040844,-1.3379,-6.4401,0.15052,-1.8576,-1.376,-1.6001,0.3734,0.25557,-2.0449,0.32554,-0.34224,-0.95324,-0.4074,-0.81575,-1.1858,-0.30969,-0.43567,-1.1742,-0.068575,-0.76986,-0.35701,-3.0287,0.55865,-0.63378,0.3556,0.67272,0.28955,1.1515,0.8397,-0.93974,1.1965,0.15551,-1.4533,0.81727,0.62847,1.9409,0.25311,-0.83512,0.39682,-0.75361,-0.67775,-0.92151,-5.994,-4.5072,0.36714,-6.9157,1.3082,-0.63989,-0.28929,1.2343,0.60988,-6.3999,-1.6559,0.088227,-1.1678,0.61805,1.7533,-0.40583,-1.1771,-0.3348,0.11811,0.086599,-1.0353,0.58881,0.15749,0.0070229,0.10107,-1.0101,-0.097241,-0.89585,1.1203,-1.3055,-0.97409,1.216,0.9407,0.78071,-0.69348,-0.93769,-2.4628,0.72107,0.44324,-1.0271,-0.78508,0.95251,-0.053268,0.35929,1.1124,-0.15135,0.66658,0.39981,0.37125,0.1159,-0.0070229,0.95521,0.33469,-1.0465,-0.78715
FABP6,-3.3405,-1.5941,-4.0518,0.081035,-7.9729,0.60014,-0.53843,-3.265,-7.0503,-0.17134,-0.041742,0.8221,0.042019,0.99584,1.1113,1.1342,2.194,-0.078653,2.8342,-1.0148,-0.56115,-1.5605,-1.0576,-1.788,-1.0438,0.012747,-2.5765,-0.95819,0.59619,0.95407,-0.35668,-0.90817,0.30104,0.47962,1.2341,0.11784,-1.7839,-0.16465,-0.0056944,1.6225,-0.14492,-0.56652,0.33521,-1.1078,0.42844,0.71492,0.85457,-1.0955,-2.5381,-7.0974,-0.84738,-1.0671,-7.5309,1.4732,1.5248,-0.036337,2.5934,0.40542,-2.7756,-0.91639,-1.1308,-0.17145,0.77883,2.107,-0.76284,-1.878,-0.61012,0.63165,-1.8644,-2.8002,0.91642,-0.73369,1.6072,-0.62406,-2.1628,-0.50213,-3.0795,1.7312,0.68856,0.40469,1.9487,-0.84105,1.0356,1.988,1.145,2.8769,1.5302,0.97634,-2.3065,-0.45228,0.31795,-0.22931,0.093706,0.70238,-0.51674,0.72177,-1.5718,0.63513,0.48136,-1.5058,0.24241,-2.3278,0.24639,1.5148
FCGR1A,3.7673,3.1236,3.532,0.9231,2.3102,1.9792,-1.0074,1.1071,3.8242,0.88609,0.9656,1.2572,0.52388,-0.85335,1.0346,0.095534,-0.45827,0.54586,0.79792,-0.12341,1.3086,-0.24748,1.3513,0.058241,1.5824,0.67097,-0.36039,0.28953,1.8533,-0.16563,1.4003,-0.68322,-1.497,-2.5681,0.53416,-2.3874,0.087483,0.74179,-0.3514,1.8148,-1.1573,1.3806,-0.55056,0.086287,0.7302,-0.74987,-0.089679,-0.65477,-0.42341,3.6936,4.1888,0.24064,2.7341,-0.72257,-0.10405,-0.16539,0.73099,0.49851,1.9336,3.4113,1.9564,1.4606,-0.85488,0.1967,-0.06216,-1.7049,0.63889,0.28563,-0.80636,0.73059,-0.30907,0.16674,0.63847,-0.19764,1.0569,1.0627,1.8526,0.17333,0.29436,1.1108,-0.57882,-0.67227,-0.11835,0.44814,3.7251,0.95064,-0.69122,-1.8635,0.624,0.06216,-1.1519,-0.31239,-0.16116,0.10093,-0.5991,0.89347,1.7968,-1.5506,-0.1208,-1.0785,-0.89341,1.3897,1.279,2.2462
FCGR1B,3.7908,3.0695,3.4764,0.79561,2.2315,2.1587,-0.05153,0.81638,3.7116,0.23891,0.70136,1.0147,0.38332,-0.9817,0.70668,0.6355,0.41339,0.56995,1.2976,0.27876,1.7637,-0.20488,2.2606,0.47979,1.8495,0.82215,-0.30441,0.43076,-1.2394,-0.90332,1.1481,-2.0246,-0.62533,-0.9375,0.33416,-2.5896,-0.28083,0.36569,-1.3136,1.4262,-2.1369,1.564,-0.68202,0.21163,0.19769,-1.0135,-0.74243,-0.63316,0.26876,3.6324,4.1042,0.86169,2.4461,-0.56699,-1.3394,-0.11837,-0.44831,0.80174,1.9954,3.0221,2.0324,1.0288,-0.70159,-0.44431,-0.44441,-1.3926,0.39068,0.27507,-1.1529,0.81542,-0.24477,-0.37041,0.47696,-0.35788,1.0116,0.93436,1.6164,0.7887,0.9343,2.2004,-1.1804,-0.80061,-0.69921,-0.16563,3.2791,0.87632,-0.36706,-1.8544,0.33757,0.43332,-0.96415,0.15312,-0.25158,-0.081141,-0.31676,1.1911,1.8206,0.017659,-0.13233,-0.60592,-0.71927,1.1538,1.353,2.1401
FCGR3A,3.8827,3.8964,3.2526,1.4448,2.7218,1.1107,-0.85105,-0.046368,3.1099,0.19944,1.0492,1.2379,-0.052789,0.071942,1.0289,-1.346,1.0859,1.3606,1.2378,-0.56776,1.7518,-0.48537,0.83701,0.03007,2.3071,-0.37791,-0.63771,0.051318,2.2212,-0.21787,1.2807,-0.48282,-0.12128,-0.38578,0.43661,-2.0274,0.40413,0.51085,-0.4428,0.339,-0.92232,0.84616,-1.3224,-0.15691,0.24044,0.20247,0.32403,-0.20245,0.9657,2.0501,3.9512,0.4802,2.6922,-0.47225,-0.59066,-0.033906,0.34449,0.59466,2.7213,3.1885,2.5669,0.37549,-0.13338,0.33249,-0.86109,-0.68004,-0.28081,0.6329,-0.54691,0.62575,1.1542,0.13424,0.72115,0.10779,0.48655,1.6328,1.6976,0.46199,-0.36252,0.92977,-0.76423,1.1039,-0.039074,0.76995,2.275,0.43746,-0.35361,-1.4443,0.13865,0.5901,0.46613,-0.60307,-0.68337,0.09727,-0.30497,-0.056133,-0.14621,-1.5358,-0.17823,-0.1514,-1.3231,1.9098,-0.15044,0.62294
FCGR3B,4.0353,4.8576,4.2103,2.2547,4.1052,1.3046,0.59339,0.4448,3.5097,0.19847,1.703,1.4507,0.3561,-0.64892,0.9422,-0.70192,1.1099,1.8299,1.2852,0.41662,2.2053,-1.4948,1.1199,1.1157,2.7802,0.16708,0.070181,0.33672,1.4857,1.0326,2.1698,-0.2614,0.63679,-0.54985,-0.065756,-2.1191,0.4943,-0.090261,-0.52394,2.432,-0.5817,0.98893,-0.8521,0.7348,0.93316,-0.045598,0.66778,-0.18195,0.80685,3.4329,5.3186,1.4278,4.1008,-0.72292,-0.34818,0.023733,1.1134,1.6779,3.4329,4.0239,4.6079,-0.093936,-0.64892,0.13887,-0.6624,-0.61062,-0.097139,0.47957,-0.4186,0.16945,0.39286,-0.16449,0.71069,0.043305,1.2432,0.7713,1.8624,0.4156,-1.1141,0.63743,-0.073322,1.586,0.88032,1.9401,2.2707,1.0282,-0.18194,-1.1081,0.42464,0.81217,-0.24406,-0.59126,-0.19891,-0.48658,-0.71742,0.0036969,1.0938,-1.4399,0.37099,-0.14411,-1.3335,3.9189,0.15131,1.0844
FCN1,3.3189,3.2458,2.3992,1.7163,3.299,-1.3101,-0.82472,1.6891,4.9048,-0.28311,2.5673,0.60605,1.306,-0.68352,0.42724,0.49919,1.4745,1.5218,0.5001,0.97776,2.5179,1.5137,1.1442,0.72482,1.8641,0.74595,0.42669,1.4388,0.99165,-0.75877,1.5315,-1.1666,-1.1048,-0.60842,-1.3468,-2.9851,0.75955,0.46578,-0.78255,1.1696,-0.85334,0.77554,-3.4052,-0.50135,0.64026,-1.6932,1.2135,-0.41322,-0.15073,3.2313,4.5633,1.2237,2.1143,-2.814,-0.73399,-0.5766,-0.010582,0.95167,1.379,2.9323,3.0432,-0.88425,-1.4181,-1.3832,0.57844,-0.26655,0.59217,-0.83389,0.89602,1.2549,-0.82106,-0.17358,0.089116,-0.30516,0.51691,0.34913,1.8686,-1.4721,-0.027664,1.9042,-0.84246,1.8654,1.0209,0.17527,1.9433,1.2698,-0.4214,-0.82172,0.72322,-0.39184,-0.59816,-0.74827,-0.15482,-1.435,-1.1075,-1.6723,2.5243,-2.8908,-0.51734,-0.20055,-2.4405,2.3549,1.0368,3.3434
FMO1,-5.2032,-0.8237,-9.2524,0.92639,-6.1888,-1.1203,-0.028008,-1.0656,-5.8943,0.73571,-2.3046,-2.6516,-0.45541,0.41543,0.17805,-0.67151,1.1547,-1.7977,0.43746,-0.2089,-1.7312,-0.36863,-0.52228,-0.29171,-2.1675,-0.39616,-1.9782,0.093287,-0.99535,0.61482,-1.5092,0.010195,1.1358,0.52186,0.66776,1.375,-1.3369,0.42899,0.35927,-2.0555,0.67789,0.73808,1.8582,0.74159,0.16768,0.46177,-0.59456,-0.40749,-0.59264,-6.2391,-5.0742,0.37625,-7.7425,0.95559,0.036645,-0.57113,0.43532,-0.077434,-6.3697,-2.7078,-0.77814,-1.2027,0.62945,0.063631,-0.90108,-0.46435,-1.4031,0.82114,0.61435,-1.1146,-0.018801,0.57029,-0.024071,0.16929,-1.115,0.018801,-0.3271,0.96142,-1.5915,-1.0609,0.4854,0.7817,0.59265,-0.072611,-3.6876,-1.9934,1.1225,0.66572,-0.22446,-0.96286,0.1272,0.40324,0.39047,1.0454,0.36553,0.076657,-0.56042,0.87976,-0.28365,0.5034,1.3932,-1.0843,-1.2182,-0.54597
FOLH1,3.7658,4.8763,2.1881,1.8232,-1.4016,-0.54044,-2.1969,-2.2686,-3.6921,2.3326,-1.1676,0.88651,-1.5035,-2.4423,2.2376,-2.3659,3.6336,5.0657,-0.23856,-1.9044,4.6576,-2.1575,-1.8381,1.4339,4.8728,2.7003,-1.6086,0.36574,1.0142,-2.4306,0.98864,0.035166,-0.36308,-1.8803,3.359,-2.1208,-0.90857,0.064404,-1.8794,-1.4834,-2.5171,1.1427,4.1115,-2.4174,-1.1771,-1.8974,-0.90385,-0.17601,-2.7678,-2.2555,4.733,-0.19504,-4.5105,-2.5325,-0.93383,-3.1535,-0.72388,1.9479,4.7488,4.8519,1.9766,1.5797,0.88672,0.53984,-2.602,-1.425,-1.3899,2.8549,-1.7911,0.41912,-1.3655,0.27072,-2.3738,-1.6825,0.81496,-2.1884,-2.1689,2.5076,1.3141,0.50377,-0.24875,-1.547,0.028509,-0.096439,2.0675,1.9985,-1.1358,-0.9898,0.99999,-0.94853,3.4839,-1.0134,-1.3199,2.3515,2.3738,2.2668,3.3744,-0.27433,0.71239,2.2634,-1.8622,3.7076,-1.0668,2.1077
FPR1,2.346,3.8658,2.9931,1.2239,4.1358,1.5407,0.35468,0.25372,4.1778,0.045197,2.4405,1.8679,0.88609,-1.0083,0.34098,-1.0036,0.74715,1.0034,0.31283,0.79781,2.2298,-0.94518,1.6643,0.15062,1.9985,0.25554,1.4331,-0.12535,0.31894,-0.040959,2.0987,-1.2252,0.63347,-1.1074,-1.7971,-2.0728,-0.45944,0.70587,-1.2247,2.8982,-1.1635,-0.3222,-0.82993,-0.15846,0.8539,-1.2403,0.40089,-0.26121,0.42273,3.4786,4.9296,0.68385,3.295,-2.7091,0.048988,-0.81635,1.0086,0.90673,2.893,3.1328,2.6283,0.35106,-0.85372,0.81859,-1.2271,0.31011,0.25642,-0.45214,0.18021,0.2583,-0.034332,0.6519,0.19402,-0.4709,0.70423,0.19726,0.74321,-0.057337,1.444,1.6035,-0.079151,0.87323,0.51811,0.87815,0.9803,0.024847,-0.33921,-2.7555,0.65265,-1.4056,-2.4933,-0.36653,-0.60011,-0.086684,-1.4847,-0.76007,1.2683,-1.8086,0.42603,-0.28227,-3.2652,1.6831,0.70187,2.8841
FPR2,3.4705,4.4847,4.3595,1.5927,5.1297,2.1139,-0.051775,0.6135,4.3159,-1.4279,1.4496,0.33893,0.85355,-0.45587,0.53084,0.18627,-0.8384,1.5277,-1.8414,0.8018,2.9615,0.31507,1.5677,0.77344,3.211,1.5308,1.5641,-0.1348,-1.8414,0.66203,2.3225,-0.82888,2.2104,-1.8414,-0.50771,-1.8414,0.50803,0.035908,-0.56536,2.3331,-0.65168,0.098983,-1.303,1.6164,0.69798,-0.95287,0.32771,0.24059,0.11008,4.1302,5.8803,1.4886,4.9569,-1.8414,0.52425,-1.8414,1.6765,1.3962,4.1373,4.7546,2.5771,0.12588,-0.95337,1.8889,-0.35916,-1.7224,-1.1782,0.15276,-0.55954,-0.037268,0.45098,-0.31024,-1.6161,0.45592,0.55849,0.51265,0.81759,0.95195,-0.58851,0.91885,0.037268,1.0631,1.386,2.2607,-0.18347,0.92489,-1.8414,-1.8414,-0.18723,0.047311,-1.7184,-1.7616,-0.24033,-1.8414,-1.8414,0.66683,2.5523,-0.61879,1.3529,1.0614,-1.8414,2.8465,1.3836,2.5069
G6PC,-4.4094,-2.2926,-7.3255,0.2757,-6.5898,-1.1859,-0.82113,-0.44996,-6.1203,0.82334,-3.5806,-1.1854,-1.1955,-0.87541,0.4294,-1.6436,0.49632,-0.78003,-1.2491,-0.26032,-0.78787,-0.80578,-0.48294,0.41752,-0.85184,-0.16176,-2.1408,-0.055176,-2.8265,-0.62178,-1.8442,0.92206,0.98174,0.63279,0.59868,1.0424,-1.0415,1.0326,-1.5622,-2.9724,0.13871,0.95862,1.7524,1.1621,-0.074325,0.40568,-0.79716,-1.5639,-0.84318,-4.169,-4.7229,0.74466,-6.727,0.94949,0.083081,1.1105,-0.046633,0.82017,-6.5531,-1.503,-0.17897,-0.4808,0.11361,1.8728,-0.48954,-0.39232,-0.5827,-0.084009,0.6803,-0.12892,0.71331,0.32288,-0.33445,0.65821,-0.92084,-0.070493,-0.41868,1.1854,-2.6495,-1.2558,0.46629,0.38802,-0.33776,-1.3051,-2.8165,-0.8778,0.53827,0.0026379,-0.67344,-0.0094366,1.1542,0.44904,0.17689,1.3777,-0.0026369,-0.14354,-0.53501,-0.27871,-0.059548,0.328,0.64639,1.3008,-1.4563,-2.2065
CXCL3,3.7364,3.6546,4.458,1.5781,5.0178,3.6988,-0.75343,-0.14705,5.9627,2.0404,3.2907,3.5622,3.4686,0.92472,2.6326,0.95901,0.30794,2.272,0.1636,0.278,4.1489,0.53109,1.1673,0.42943,3.7993,2.2429,2.8291,1.2388,2.3556,-0.096178,3.5505,0.6585,-0.73077,0.70551,0.34331,-1.5846,-0.19363,0.36596,-0.67821,5.9256,0.20757,-0.66558,-0.62619,1.5518,1.0753,0.26649,2.6018,1.3705,0.066523,2.593,5.8452,2.8237,6.0703,-1.3025,0.47942,-0.25776,3.1068,1.073,5.2479,4.7081,1.9521,0.48911,0.64753,-1.1892,-1.4759,-0.60414,-0.80949,0.12917,-0.34609,-0.31755,0.09036,0.50747,-0.14785,1.1014,1.0037,-2.189,0.18632,-0.34917,4.2485,0.59459,1.1841,-0.052133,1.2519,1.6633,0.90897,0.18513,0.91452,-0.24933,0.40389,-0.38891,0.76577,-0.54033,-0.77163,0.35356,-0.28638,0.17204,2.798,-1.4983,0.87523,1.141,-0.12169,0.69798,1.0757,5.2587
GSTA1,-2.7442,-0.91724,-3.6601,-0.53422,-6.4577,0.73539,-0.15297,-1.1215,-5.6861,0.62333,-1.3839,0.19254,-1.2076,1.1085,0.33566,-0.30059,1.9575,-2.269,0.99443,-0.59972,-0.20722,-0.66392,-1.5787,-0.8601,-1.5558,-0.8362,-1.4813,-0.78853,0.26149,0.13748,-1.0068,0.27217,0.39937,-0.20946,0.43187,1.3374,-1.3646,0.27673,0.26244,0.057629,0.11351,0.47515,0.67626,0.32027,-0.74645,-0.39713,-0.71093,-1.4557,-1.172,-4.5503,-2.2461,-0.30085,-6.7455,1.2292,0.023083,-0.51265,2.0653,0.29753,-4.5922,-2.3,0.43825,-0.37789,1.3009,0.25579,-0.31819,-0.97372,-1.6436,1.019,-0.056554,-1.9833,0.89349,-0.83093,1.0201,-1.1262,-1.9237,0.99671,-0.86845,2.2127,0.42952,-0.24184,0.058917,-0.69527,0.58007,1.0395,-1.0445,0.010463,1.3944,1.3252,-0.96192,-0.84489,0.14647,0.1485,-0.2625,0.82815,0.17478,0.37011,-1.1576,0.36514,-0.14529,0.086858,1.0216,-1.5972,-1.0062,1.2734
GSTA2,-3.3487,-0.83053,-3.8255,-0.14125,-7.0042,0.52461,-0.032768,-1.0545,-5.6684,0.21416,-1.7969,-0.94067,-1.1446,0.5926,0.011915,-0.88022,1.553,-2.1629,0.18034,-0.50998,-0.038247,-0.41928,-0.9761,-0.9304,-1.4083,-1.0594,-1.3499,-0.69656,-0.324,-0.10384,-0.87401,-0.14226,0.54277,-0.23185,0.60464,1.2075,-1.2998,0.34864,0.41846,-0.60747,-0.062337,0.20705,0.51793,0.23339,-0.15502,-0.36639,-0.82697,-1.1635,-1.3157,-4.6899,-2.2905,-0.49777,-6.9048,1.8599,0.20405,-0.19994,1.8273,-0.088508,-5.1209,-2.5349,0.24293,-0.47319,1.2492,0.78186,-0.43779,-0.80638,-1.4363,0.93955,-0.18902,-1.3649,0.7798,-0.69117,0.92234,-0.74274,-1.8913,0.71426,-0.71802,2.061,-0.38184,-0.89299,0.14499,-0.39325,0.75493,0.38284,-1.0855,-0.57125,0.64198,1.0886,-0.67201,-0.38545,0.5579,0.26129,-0.46557,0.63094,0.31516,0.1363,-1.2765,0.46648,0.33223,-0.018867,1.1703,-1.4292,-1.1577,0.74992
GUCA2B,-5.3868,-1.7338,-6.746,-0.33178,-1.8862,1.0281,0.51732,-1.5544,-1.8073,2.2621,-0.23688,2.1328,-0.15259,1.2972,0.32683,1.4589,1.4895,-0.64777,1.9267,-0.97265,0.29525,-0.97676,-0.33286,-0.79627,-1.7531,-0.55726,-1.3142,-0.032521,-0.59335,0.83233,-0.74489,0.52853,1.2514,0.4182,0.93528,1.0158,-0.97321,0.46178,0.56446,2.0531,1.4586,0.053877,1.9322,0.48737,0.37834,0.38906,-0.60417,-0.73685,-1.0295,-5.2091,-2.2742,0.46864,-3.346,1.2548,0.57601,-0.19969,2.5055,0.58229,-4.5923,-2.112,-0.33937,0.032576,0.69763,1.2263,-0.71228,-1.5402,-1.2441,1.287,-0.26835,-1.9959,1.2182,0.099529,1.4806,-0.60674,-1.7681,0.24682,-2.0116,2.9157,0.78535,1.226,1.0332,1.2152,1.1844,1.3568,-1.0541,1.9831,3.1526,0.46207,-1.878,-0.61488,0.30996,-0.25112,0.66233,0.3776,-0.31781,-0.96082,-1.0559,1.3198,-0.12495,0.011059,0.91147,-0.38879,-1.3837,3.0365
HMGCS2,-4.6488,-1.9977,-1.2463,0.27177,3.367,0.75785,-0.013401,-0.41067,1.2415,-0.20488,-1.7148,4.5297,-1.7196,-0.29973,-1.935,-2.919,-1.0807,-1.4633,1.1105,-0.60932,-0.85635,-1.0672,-0.29449,-1.2172,0.64954,-2.6972,0.76879,-0.76155,-0.57851,-2.1867,1.1859,-0.23779,-1.1656,0.71511,-1.5725,-0.44024,-0.64404,3.1151,0.81844,-1.5783,1.891,-0.054729,-0.59411,1.9561,-0.63603,-0.45898,-1.7536,-1.2353,-1.2958,-3.0303,-4.0676,-0.71791,-1.1851,0.64178,-1.9132,-0.71354,-2.4399,-0.92155,-5.1228,-2.5195,0.42624,-1.1755,-2.0951,2.8275,-0.32068,0.52428,1.9886,-0.94434,1.2352,-0.53025,0.77527,-0.51824,1.1308,0.4268,-2.8731,0.3847,-0.012488,0.90302,-0.80136,-2.3205,0.095288,-1.3805,1.2908,-0.56898,-0.77144,-1.0205,-0.16526,-0.59931,-0.16804,0.5583,-1.294,-0.57217,-0.58237,0.53926,0.29737,-0.92772,-1.9583,0.11119,-0.6297,0.24066,2.1259,-1.1235,-2.0559,0.9925
IL1B,3.2471,5.1489,3.431,0.096394,6.5813,2.4855,-0.041753,1.1101,4.3098,1.0077,2.3651,2.6852,2.2411,1.2783,0.80037,0.26643,-0.17328,1.3851,1.0279,1.594,2.8151,0.57723,1.977,0.88161,3.6637,1.3441,3.4426,-0.14211,1.3719,1.8196,2.8715,-0.52876,2.4728,-0.62812,-1.4446,-1.7204,0.50072,-0.19881,-0.44338,4.1066,-0.1951,-1.101,-1.0249,1.0853,1.4276,-0.13298,1.3249,1.1076,1.1822,2.6474,5.2558,2.7234,2.6128,-2.5492,-0.013572,0.2731,2.3086,1.0046,3.0983,3.1437,0.82462,0.72923,-1.3781,-2.1908,-0.2153,-0.029292,0.64395,-1.0217,1.8375,0.9164,-0.14129,1.233,-0.13157,0.78261,0.049613,-0.10233,1.2026,0.25207,2.5071,0.74443,0.17238,0.36657,1.7576,0.6963,0.59058,1.0594,-0.3493,-0.64809,0.6315,0.051232,-0.8883,-0.11273,-0.60378,-0.79834,-0.54731,-0.75552,1.9324,-1.3042,1.8864,0.0088067,-0.85387,2.5099,1.3398,4.0201
IL1RN,1.1034,3.3961,1.3531,0.17951,4.8877,1.9417,-0.23638,-0.057523,2.3913,-0.015168,1.451,2.3055,0.19034,0.14742,-0.9548,-0.36446,-1.2569,2.021,0.4951,0.34114,2.3025,-0.079541,1.4288,-0.29187,2.1017,-0.11027,2.8052,-0.52271,1.0285,1.1519,1.7368,0.91599,0.47905,-0.22272,-1.31,-1.3633,0.050406,0.46906,0.69127,4.7153,-0.89207,-0.58605,-0.81815,-0.53807,0.84012,-1.1952,-0.45139,0.45539,-0.085631,1.5471,3.8439,1.226,2.5831,0.32237,0.85611,-0.17722,0.31285,1.0471,3.2093,2.2139,1.0264,0.91143,0.11257,0.094211,-0.94642,-0.50762,1.0989,0.061454,0.31503,0.086461,0.66767,0.64152,-0.31886,0.093887,-1.1215,-0.55265,-0.11647,-1.1552,1.2393,0.21611,0.74957,0.36822,0.15724,0.59745,1.0593,1.6143,0.03688,-1.1529,0.22699,-0.69607,-0.78374,-0.31236,-1.9975,-0.24865,-0.10866,0.018433,0.93053,0.13304,0.58855,-0.71714,-1.7001,0.95372,0.86707,2.609
IL8,4.6379,6.4443,4.8106,1.7379,7.7465,3.1661,0.29786,1.4632,4.0066,1.9282,2.8464,3.2211,1.695,0.67137,1.7905,1.9814,-1.1262,4.3966,3.08,4.5131,4.226,-1.1951,-0.8192,1.2699,5.7953,2.6065,4.3262,-0.78517,3.3909,3.8866,3.8373,0.64886,6.8818,-1.0296,-1.5325,-0.26388,-0.77977,0.38554,1.3692,4.0704,0.73859,0.44862,2.2165,4.6104,2.4102,-0.090353,3.5238,1.322,-0.0077863,1.6618,6.8826,4.6695,4.8058,-3.1292,0.4429,-2.4992,3.8977,2.8632,4.893,4.5149,4.3534,0.0080121,0.6333,-1.1538,-2.647,-3.1292,0.78191,0.18689,1.2522,0.67494,-1.4218,-0.183,-1.319,-0.41683,-0.077233,-1.7751,1.2668,2.0971,2.1237,2.8074,3.6239,1.9817,4.0049,2.3077,2.3361,2.5556,1.1478,-1.6835,-1.8901,-0.91856,-0.19887,-1.0494,-1.5281,-0.3877,0.0022759,-0.75847,2.6591,-0.90658,2.7066,0.079224,-0.36318,4.948,1.5108,4.7145
CXCR1,3.3408,5.9579,4.2465,2.3231,5.6462,3.1562,0.77993,-0.51415,4.4272,0.57372,3.2813,3.5993,1.3697,0.15344,1.6096,1.3805,1.6778,1.5644,-1.6471,0.34657,3.2636,-1.6471,1.2478,0.88525,3.7485,1.115,-0.65667,0.059466,2.288,1.5802,2.7052,-0.95654,1.4046,-1.6471,-0.31344,-1.6471,0.57677,-1.6471,-0.14869,3.6973,1.2207,0.12333,-1.1088,1.5003,1.7502,-1.2713,1.9005,0.30933,0.30435,3.8808,6.7155,1.4349,5.2086,0.26002,1.0181,0.15274,2.1703,1.5904,4.9905,4.4614,5.0399,-1.6471,-1.3441,-0.67175,-1.6471,-0.11312,0.47548,0.34703,-0.58767,-0.843,-1.6471,-1.6471,0.16311,-1.6471,0.64584,0.70692,1.5144,0.82429,2.1907,0.11312,-0.35342,1.3643,2.6678,2.7029,0.42583,2.0248,1.0449,-1.6471,1.007,-0.43649,-1.6471,-1.6471,-1.631,-1.6412,-1.6471,-1.5983,1.2832,-1.6471,0.81015,0.42379,-0.29615,4.401,-0.32904,3.7282
ITIH3,-2.5316,-1.4837,-1.7002,-1.1606,-4.7169,1.1125,0.56533,0.85091,-1.6028,-2.2378,1.2536,0.20711,-0.26481,-3.1727,-1.9091,1.1093,-2.1629,-0.95687,-3.8515,1.1738,-1.7994,1.4469,2.1167,0.4809,-3.1796,-0.43665,1.6965,-0.4978,-2.0381,-3.8834,1.5457,-2.3757,-3.424,0.70743,-2.6395,-3.0148,0.83803,-0.12262,0.56334,3.4002,-0.85675,-1.9548,-4.4349,-3.4697,1.8149,0.73996,0.079895,2.2074,2.3756,-0.96294,-3.6695,-1.9843,-4.4633,-4.4811,1.1615,1.4493,-1.2489,-0.035239,-3.7755,-1.7297,-1.5547,0.30367,-2.3482,-3.1905,0.087043,2.126,2.0519,-0.76962,0.085934,0.77689,1.5149,2.729,0.52482,0.81808,1.9517,1.4683,0.031539,-0.50181,1.5464,2.1028,-1.4316,-0.52202,-0.031539,-2.5492,-1.3767,-0.41018,-2.8661,-1.4686,2.0243,0.19384,-2.5283,0.92672,0.32902,-1.3968,0.8085,0.58685,0.49285,-2.6351,-0.073045,-0.41689,-1.6837,-0.5317,0.90955,-3.4729
KCNJ15,2.7817,4.0343,3.2801,0.80899,3.9165,1.5932,1.454,0.73022,2.733,-1.2117,1.4959,1.3625,1.0698,-1.6251,-1.6251,1.4025,-0.62215,0.60842,0.49654,0.9097,2.7007,0.30893,1.0068,1.3026,1.8206,-0.52598,0.78035,-1.4666,2.31,0.95011,1.9199,-1.6251,1.3391,-0.26254,-0.61338,-1.6251,0.46125,0.082235,0.065933,2.8713,-0.1724,-1.6251,-1.0868,-0.12158,1.8211,-1.2493,1.807,0.87188,0.32634,3.2924,5.2636,1.0419,3.9723,-1.6251,-0.95994,1.5898,-0.80769,0.19736,3.6267,3.9809,3.2408,0.51206,-1.6251,-1.6251,0.66445,1.0788,1.4522,-1.6251,-0.56569,1.6141,-0.50269,0.90601,0.60013,-1.2347,0.77474,-1.6251,1.0338,1.4312,-1.6251,3.2528,0.25352,-0.4211,1.4097,1.0619,0.032777,0.95854,0.48194,-1.6251,1.0994,1.4335,-1.5022,0.45462,-0.024075,-0.61917,-1.6251,-1.5764,1.7646,-0.9875,-1.0748,-0.2912,-0.795,2.9036,0.27791,1.8752
LCN2,4.4468,2.8833,2.9537,3.434,5.9591,3.9977,1.4772,0.72253,5.891,1.948,3.6808,5.7334,3.9924,1.5363,2.9335,1.1964,3.535,3.9364,2.9612,-1.1863,6.39,0.050617,1.5194,1.3747,4.7457,3.2183,-0.17562,0.35622,0.82144,-0.92012,2.1015,-2.9095,-1.2363,-0.77214,-0.55448,-2.0279,-0.27512,-0.17932,-0.41811,2.1291,-1.3025,2.567,-2.1715,0.84656,-0.12805,0.43141,2.0796,0.4822,-2.9682,2.0493,6.4312,3.0332,6.4683,-2.4216,0.04922,-3.8057,2.8389,2.0976,4.9579,3.7356,5.2526,-1.7454,-0.10743,-0.2202,-3.1309,-1.1082,-0.5964,2.8207,-2.4328,-0.32818,-1.3271,-0.26509,1.507,1.6114,2.6601,2.0868,2.086,1.9225,1.0097,1.8067,0.10282,3.4148,1.8098,1.188,1.2706,2.4297,-0.012205,-0.17052,-1.9109,0.6565,3.6545,-0.013355,-0.40891,1.0586,-0.25712,0.012204,2.3555,-2.039,1.5436,0.94591,-2.3479,3.2426,0.93602,4.0364
LCT,-1.8266,-2.7783,-2.1507,2.0256,-4.8038,1.4295,1.0828,-1.5177,-5.4404,-0.68836,0.72238,0.98822,-3.1123,1.2933,-0.20515,-3.98,-2.7035,-2.5742,2.245,-0.3016,-3.3193,-2.296,-1.0505,-2.667,-0.63244,-2.9353,-5.6106,-1.2671,-4.2949,-2.1667,-0.047092,-3.1348,0.13501,-0.19746,-2.2875,-3.9497,-1.8397,2.5413,-0.10467,-0.31403,0.43651,-1.3375,-1.6149,-2.3022,-0.46031,-2.2173,-0.83127,-1.6542,-5.637,-4.738,-2.1664,-0.69588,-7.305,2.1704,-1.2794,-0.34298,-3.9796,-1.2736,-3.8112,-2.887,1.4832,-0.80817,-1.3029,2.1835,1.1443,2.855,0.41013,0.11558,1.9855,0.89699,1.0804,0.6311,0.51487,-3.5856,-2.7306,1.0188,-4.8341,2.4862,3.1721,-0.99212,-0.090848,1.0794,-0.2866,-0.67085,0.090848,0.26046,-1.9419,1.8388,-2.6206,-1.3772,-0.9988,2.4359,3.7317,3.1629,-0.26583,-1.6891,1.2295,-0.72844,2.011,2.1649,-1.487,-3.9636,-1.8907,-0.41041
MEP1B,-2.7101,-0.99998,-4.7761,0.7819,-4.9743,-0.96912,0.13804,-1.3469,-6.2463,-0.24887,-2.4935,-1.3874,-0.91658,0.14296,0.096636,-1.5846,0.12857,-0.48346,-0.33367,-0.94621,-0.59022,-1.0962,-0.40087,-0.09303,-1.6939,-0.099373,-1.5907,-0.47269,-3.9582,0.79333,-0.64753,-0.027662,0.82092,0.074775,0.86393,1.0127,-1.0048,0.074455,0.20306,-0.69999,0.52538,0.18991,1.8668,0.6486,-0.70593,0.48562,-0.58162,-0.34829,-0.95727,-5.9024,-2.2876,0.53407,-7.697,0.95149,0.40587,-0.038898,-0.75211,0.35914,-3.5969,-0.67864,-0.7927,-0.83631,-0.37061,1.6815,-0.39495,-0.77381,-0.74968,-0.013776,0.056302,-0.65995,-0.47316,-0.24967,-0.47083,-0.076801,-1.1041,-1.1257,-1.2595,0.73388,-1.5921,-1.8019,0.69551,0.68027,0.5062,-0.82892,-1.8578,-2.1548,0.27741,0.57059,-0.65707,-0.4312,0.79092,0.17959,0.72387,0.96424,0.29895,0.43191,-0.28373,0.74765,0.024608,0.26705,0.86696,-0.42974,-0.61814,-0.76975
CXCL9,4.6165,3.559,3.9058,1.3021,1.5494,0.64057,0.38925,2.2519,3.593,1.1281,-0.066323,-1.0316,0.6092,-1.5548,-0.027602,-0.76896,-1.8967,-0.60435,-1.5556,0.60288,0.45583,0.61914,2.6019,0.81197,0.69423,1.0393,0.80524,0.64593,1.1134,-0.37302,1.7415,-2.7941,-2.061,-0.76923,-0.84124,-2.3054,0.91098,0.050933,-1.4597,0.53952,-1.3817,1.0817,-2.4455,-0.79262,0.56248,0.92299,0.22014,0.99829,1.5628,5.3523,3.304,0.023641,0.39513,-2.5135,0.92822,0.82909,1.0364,0.53378,0.53625,2.2565,1.1794,0.94587,-1.9086,-0.66065,1.4124,0.68028,1.7092,-0.32128,-0.18661,2.3777,-0.672,0.19847,-1.822,0.94707,1.9149,-0.25617,3.3584,-0.59936,0.80529,0.40346,-0.73265,0.17221,-1.1557,-1.8801,1.8581,0.26297,-0.71654,-0.84256,1.3219,1.1545,-0.59991,0.27193,-0.80752,-0.5494,-0.46209,0.42159,3.7872,-1.7316,0.42916,-0.60766,-1.7338,1.7473,3.0025,0.89316
MMP1,4.0074,7.3204,3.4503,0.91447,2.6333,2.0391,-0.081983,-0.24004,4.1033,-0.2604,1.3616,2.9039,0.14296,0.11331,0.3636,-1.405,-0.56519,3.3956,2.3157,-1.6066,2.8961,-0.10513,0.82251,0.16529,4.3464,1.1581,0.83472,-0.8066,2.7184,0.45754,-0.0058913,0.19116,-1.4214,-0.99531,-1.4183,-1.6908,0.36928,-0.63181,-0.078862,3.4137,0.28474,0.096636,0.83221,-0.45073,1.8829,-0.58332,2.0591,0.77683,0.94096,3.2013,6.1479,2.3619,2.3113,-1.3897,0.67079,-0.93902,2.52,1.387,6.5326,4.5513,2.1683,0.00029993,-1.8889,1.0233,-1.7063,-0.95408,0.27044,-0.26342,-2.0448,-0.47221,-1.0985,0.14812,-1.557,0.034839,-1.1057,-1.3172,0.5876,1.897,0.47058,0.043368,2.5861,1.5227,2.8481,0.25945,2.4886,1.1981,0.87074,-0.78738,-0.60041,-0.44255,0.015429,-0.051268,0.98993,0.34253,0.42746,0.52732,2.2416,0.37836,1.0281,-0.79656,-2.4937,2.5873,0.78599,2.9504
MMP3,4.9502,7.7573,5.9348,2.4706,4.0251,3.931,0.41128,0.30307,6.9633,0.63803,2.8195,2.6746,1.2677,1.0516,0.42686,-0.28028,0.83021,4.1862,3.5686,0.1073,5.0839,-0.74252,0.39436,1.0335,5.5539,1.6573,1.6164,-0.16281,3.359,1.1564,1.0131,0.61968,-0.52166,-0.39515,-1.8957,-1.6236,0.62644,-0.96498,-1.4525,1.1036,1.8287,1.1708,0.81537,0.14315,2.8868,-0.78523,3.6035,1.6177,0.27713,5.1924,8.9854,4.1981,4.1923,-0.71631,1.354,-0.31543,2.9165,1.6836,7.188,5.8112,3.3712,0.40318,-1.2273,1.3791,-1.834,-2.3228,1.3808,0.19173,-3.0558,-0.31479,-0.70745,0.00080919,-1.3051,0.68027,-0.61589,-0.85436,1.6832,2.729,1.3075,1.302,3.3341,2.3379,4.4946,1.4297,1.6916,2.8877,2.1313,-0.89769,-1.7289,-0.55417,0.32054,-1.1286,1.0093,-0.00080919,-1.7614,1.2327,4.171,-0.30773,1.233,0.7578,-3.7643,2.9803,0.58806,5.6872
MMP7,3.3194,0.48218,3.3796,-0.53256,0.61152,2.9272,0.63333,1.7106,4.0893,-3.2297,1.4763,1.4742,0.16566,-3.2297,-1.973,-2.787,-1.2267,3.716,-3.2297,1.0173,3.425,0.4399,1.1677,0.38511,2.6392,1.0329,1.7905,0.54573,2.0274,-2.4618,0.50794,1.1047,-2.2654,1.8698,-3.218,-3.2297,2.2627,-1.2004,-1.5387,2.3371,-3.2297,-1.8743,-2.6914,-1.4042,0.9535,0.31607,0.20241,1.3966,1.5291,2.5352,1.737,-1.5627,3.9241,-3.2297,0.34237,1.1007,0.90965,0.007818,4.2864,4.2939,0.31431,1.3153,-3.2297,-2.2544,0.42243,0.82784,1.3403,-0.072078,1.4147,1.139,1.4777,0.96439,-0.0044537,0.48263,2.4072,1.4462,0.65165,0.24169,0.023157,1.3379,-2.936,-1.0257,-0.68036,-0.54271,-0.15677,-3.239,-2.1226,-1.369,0.5119,0.8289,-3.1068,-0.565,0.37134,-3.2238,-0.46083,0.5195,-0.49204,-3.2297,-2.0944,-3.2297,-3.2297,1.7141,0.89572,-0.051358
MMP10,4.0186,4.8686,4.1104,1.8258,2.3213,1.9484,1.6452,-0.59643,6.6181,0.26905,2.436,3.8939,0.79844,-2.1444,1.1123,-0.70173,0.66592,5.4367,-0.022746,-0.39175,4.6126,-0.79532,0.33549,-0.24009,4.9966,1.2278,2.4477,-2.1444,2.7033,1.4814,0.59323,0.54615,1.2122,-0.19687,-2.1327,-0.60105,0.42738,1.5171,-1.4534,2.6151,0.30831,0.21098,0.85335,-1.0559,0.64287,0.3064,3.8926,2.1339,-0.3856,3.0158,7.538,3.3971,4.9861,-2.1444,-0.019798,-2.1444,2.7605,2.2224,7.0841,4.421,2.5151,-0.47672,-1.8414,1.5314,-2.1444,-1.2099,-1.4813,0.30915,-2.1444,-0.077272,0.29995,0.12368,-1.9192,0.15288,-0.22998,-2.1444,3.0793,-0.35109,0.10845,1.6158,3.0072,-0.13304,2.6066,0.54258,-1.0715,1.8606,0.96265,-2.1444,-0.90531,-1.2557,-2.1444,-1.0647,0.1936,0.18346,-2.1444,1.9488,2.7401,0.66314,2.1208,0.99687,-0.79346,2.2323,0.98101,3.0783
MUC1,4.5347,3.6401,3.9335,1.3679,5.6649,3.8769,0.095946,-0.29767,4.1107,-0.036532,2.9067,6.2755,2.9636,2.457,1.7674,2.2845,3.3001,2.7459,3.814,-0.60175,3.4811,-0.009398,-0.22818,0.34774,4.7442,2.2679,-0.72863,0.72468,0.76731,0.32988,0.69391,-0.27371,-1.366,-0.19991,0.014048,-0.12188,-0.24044,1.084,-0.94099,1.2585,0.80635,1.6333,-0.20866,0.58229,-0.52877,0.070529,0.25694,-0.26985,-1.7551,1.216,3.3977,2.5015,6.0585,-0.99059,1.5972,-1.3346,0.90752,0.72125,3.7032,2.3495,3.6545,0.30821,0.84596,-0.12208,-1.6361,-1.5376,-0.84814,0.98544,-0.90865,-0.22768,-1.0972,-0.89711,1.6393,0.69046,-0.76756,0.91876,2.31,0.79521,1.2277,1.0376,-0.051256,1.549,0.21982,1.5283,3.2059,4.1381,0.99412,0.12998,-2.075,0.20235,1.5255,-0.14716,-0.30272,-0.054317,-1.1426,-0.94643,0.94933,-0.71179,-0.088954,1.1613,-1.7024,1.7335,0.37621,1.3823
OSM,2.2861,5.4513,4.2607,-1.5089,8.1855,3.5047,0.32048,2.0968,4.4842,1.9623,2.4068,3.5134,1.7742,1.9868,-0.94935,1.6289,-1.6211,3.7726,2.5005,3.6052,3.36,1.0499,1.0108,0.82376,5.0794,1.6817,2.5834,-0.084479,-1.6211,2.5391,0.70148,-0.34559,5.4062,1.1565,-1.6211,-1.6211,1.3821,0.4813,1.2399,4.1384,-0.1684,-1.6211,0.50217,2.8824,2.5032,-0.24527,2.076,0.87588,0.33033,3.0587,6.3954,3.3229,3.7301,-1.6211,1.0441,-0.17563,3.0037,1.1624,3.4633,3.147,2.279,0.9311,-1.6211,-1.6211,-0.55395,0.72022,0.042032,-0.042033,1.4383,0.94852,-1.6211,-0.089995,-0.39587,0.76928,1.1413,2.0548,1.4529,-1.1497,1.2167,1.1391,1.6726,0.90482,2.5132,-0.51909,1.4518,2.3474,0.48593,-0.17542,1.033,-0.14748,-1.6211,-0.54138,0.39496,-1.6211,-0.6596,-0.57235,1.2045,-0.9835,1.7366,0.7128,-1.6211,3.0451,2.0189,4.5796
PGC,7.3019,5.1525,4.0385,1.1122,2.2563,2.6334,0.0,0.0,0.5508,0.0,0.0,2.1803,1.6949,0.0,0.67179,3.9021,2.003,0.0,4.1217,1.7527,9.3133,0.3491,1.31,1.7668,7.5936,2.3215,0.0,2.1216,0.0,0.0,0.0,0.0,0.96427,0.0,0.011751,0.0,0.0,0.0,0.0,1.1745,1.8678,0.0,1.5383,0.0,0.0,0.0,1.4321,0.0,0.0,0.0,4.8887,1.0821,0.925,0.0,0.0,0.0,2.4024,1.2375,0.0,0.43614,1.6006,2.1372,0.0,1.5603,0.0,0.0,0.0,2.3161,0.0,2.0672,1.1224,0.0,0.22526,0.0,0.0,1.354,1.074,9.5162,0.93095,3.8375,1.2937,0.0,1.8124,1.102,1.6579,3.7417,0.0,0.0,0.0,1.3217,0.0,2.0798,0.016097,0.0059611,0.0,0.0,0.0,0.0,1.8723,0.0,0.0,0.0,1.3181,0.17836
PNLIPRP2,-4.0484,0.046502,-5.9969,0.87249,-6.3291,-2.7658,0.12163,-1.0507,-4.7451,0.93027,-0.38842,0.6893,-2.3735,-1.7234,0.55057,0.54959,-4.4189,0.60977,2.068,-0.81299,1.6965,-3.5647,-3.3606,-3.0891,-3.0535,0.21301,-0.74731,-3.5889,-2.2395,1.0669,-0.15752,0.65765,-1.6441,0.10894,0.81254,0.48023,-0.87188,0.25226,0.25431,1.4828,0.067918,0.67738,1.0355,0.18234,-0.75033,1.0701,-0.18728,0.50957,-0.96272,-3.2671,-3.0321,0.21749,-2.9856,0.54629,-3.0047,-0.55385,1.2992,-2.2595,-7.6095,-1.8272,1.6588,0.74216,-2.0165,1.0509,0.10091,0.19247,0.12221,-2.1942,-0.64387,-0.21606,1.5602,1.0237,1.4328,-0.066613,-0.49614,0.76676,-0.30907,1.5021,1.0117,-0.31577,-2.7264,0.86521,0.67504,-2.2301,0.3942,1.5625,1.2409,-1.5772,-1.2041,-0.66027,0.9352,1.055,0.54655,0.8111,0.6805,-1.1314,-0.11059,0.93007,-2.389,-2.7826,0.60602,-2.8877,-2.8511,0.90228
S100A8,3.5339,4.9505,3.8979,2.4261,6.4895,3.5874,-0.085258,0.63952,6.442,1.4606,5.5781,4.6197,2.1171,1.6826,2.3173,2.3967,4.1691,2.716,4.469,2.0613,3.861,-0.28184,2.3795,1.7848,3.7798,1.0849,0.14638,1.1681,2.6827,3.26,2.1591,-0.94036,1.4336,-0.35149,-0.35616,-0.67253,0.85598,0.70869,0.26176,4.7594,1.5585,0.0655,0.22702,3.1654,1.5638,-0.92318,3.1889,0.97041,-0.0014007,4.1351,7.699,3.7365,5.6216,-0.13885,0.98435,-0.51558,3.9059,1.3194,4.9615,4.8296,4.4819,-0.81568,0.7425,0.022496,-0.56376,-0.41887,-0.38281,0.21119,-1.019,-0.88572,-0.12999,-0.0066926,2.8723,-0.56245,-0.44197,0.98613,0.12115,2.5185,1.2069,2.3309,1.8638,2.0325,3.5909,3.6883,1.2494,2.5175,2.5465,-0.92219,0.45617,0.10575,0.25754,0.033776,-0.61773,-0.13956,-1.9913,-0.096734,2.4635,0.0066924,0.99873,-0.61893,-1.6019,3.1208,0.53513,7.0548
S100A9,2.7493,4.2422,3.1083,1.9806,5.4565,3.2837,0.061028,0.42928,6.0572,0.68208,4.417,3.7179,1.5443,0.54169,1.1941,1.272,3.4039,2.1,2.6906,1.0328,3.2591,0.1913,1.6061,0.48328,3.0246,1.5119,0.58449,-0.17844,1.8542,2.2291,2.2206,-0.95702,1.0698,-0.51742,-0.5696,-1.0736,0.84191,0.26032,-0.099308,3.9905,0.42072,-0.55375,-0.64567,1.8866,0.93012,-1.3666,2.1609,0.6614,0.056962,3.4487,6.8293,2.662,5.3163,-1.1249,0.72629,-1.139,3.4051,1.3099,3.9376,4.0796,3.7385,0.42668,0.38652,-0.96354,-0.61571,0.30934,0.33485,0.22516,-1.2165,0.26794,-0.089629,-0.46916,1.4224,-0.1603,1.1334,0.41514,0.15748,1.907,1.776,1.7755,0.42088,1.098,2.2193,2.4374,0.86197,1.2758,0.81491,-0.79645,-0.33382,0.0011659,-0.65487,-0.0011659,0.048967,-0.26335,-0.27693,-0.45649,2.1803,-0.94372,0.7814,-0.66637,-1.4725,2.5934,0.76805,5.9765
S100A12,3.0493,4.364,3.6515,2.9196,7.0986,4.4407,0.0,0.548,7.4994,1.4135,6.6269,5.5379,2.0169,0.80055,2.8417,2.0277,4.6968,2.5111,4.7066,2.3807,4.3952,0.3491,3.4799,0.0,3.9863,2.0992,0.0,1.1216,4.5201,4.2273,2.3226,0.69058,1.9643,0.0,0.011751,0.0,0.0,2.5147,0.69107,4.875,2.1897,0.0,0.0,4.7515,0.53937,0.0,4.927,0.49701,0.0,4.2935,8.6468,4.404,6.5789,0.0,0.0,0.0,4.269,0.0,5.8254,5.3421,3.7664,0.0,0.30305,0.0,0.0,0.0,0.0,0.0,0.0,1.8041,0.0,0.0,1.8102,0.0,0.0,1.354,0.074017,2.7933,1.2529,0.0,1.8787,1.789,3.0348,3.2131,0.0,0.0,2.692,0.0,0.0,0.0,0.12295,0.0,0.0,0.0,0.0,0.0,2.9303,0.0,2.1353,0.0,0.0,2.4292,0.31808,7.9263
SAA1,4.5296,2.9878,3.4166,1.447,2.4349,5.2669,-0.0069525,0.092091,4.0315,1.8713,3.4554,4.5701,4.3045,-1.8189,1.4071,1.5878,-1.6164,2.2653,0.8242,0.97493,6.2777,-0.23468,4.0478,2.2267,3.6541,3.0195,1.9966,-2.6194,1.9007,-0.85151,1.9481,-2.6194,-2.0702,-0.67185,0.088337,-2.6194,0.99904,-1.376,-2.3434,6.4603,-0.75163,1.1474,-2.6194,-1.7939,-0.923,-1.0212,1.609,0.73559,-1.6679,3.5119,9.1565,2.3618,3.5478,-2.6194,1.2061,-1.004,2.048,2.5375,5.8866,2.0616,4.2845,0.6582,-2.3164,-2.6194,-0.56187,-0.62598,-0.39064,1.9244,-1.8699,0.50202,0.48854,0.77567,0.40494,-0.23622,0.87615,2.3505,1.5673,1.5983,2.9797,3.3526,1.1827,1.7073,1.599,-0.19543,2.7855,-0.82266,1.4804,-1.7587,-0.17448,1.4725,2.2073,-0.7323,-0.81254,0.18564,-2.6194,-1.9857,2.5126,-2.6194,0.0047932,0.028743,-2.6194,-0.0047929,0.59009,4.1309
SAA2,5.2914,2.9499,3.9281,0.87747,3.8197,4.1865,0.50546,-1.4941,3.7566,1.7864,1.9203,3.6388,3.2748,0.34343,1.3287,-0.014423,0.37594,2.5065,0.81656,0.39886,5.8317,-2.3519,2.9492,2.1827,3.6428,2.9368,2.1308,-1.5054,2.63,-1.2742,2.6905,-2.627,-1.3408,-1.642,0.085144,-2.627,0.38533,-2.3347,-1.1286,5.0461,-1.1743,0.88652,-0.50374,-1.3951,-0.27184,-0.16052,1.864,1.0737,0.49435,2.9242,8.816,1.818,4.2414,-2.4439,0.6636,-0.18976,1.9453,2.7687,6.1593,3.131,3.484,-0.99034,-0.73903,-1.6517,-0.82289,-0.18616,0.036123,1.4115,-1.3452,-0.057393,-0.5046,0.64106,-1.4018,-0.42927,1.236,0.53435,0.16506,0.75125,2.4332,3.653,-0.16343,2.0032,1.5073,-0.20307,2.4683,0.82724,1.2874,-2.627,0.19703,1.7798,1.8535,-0.37736,-1.289,-0.036123,-2.627,-0.77091,2.4326,-1.7899,0.64564,-0.22735,-2.627,0.80215,0.47552,2.8117
CXCL11,5.7835,4.019,5.5286,0.77702,1.1841,1.3913,1.0781,2.0064,4.32,2.1714,-0.033565,0.58211,-0.087699,-1.6342,0.49236,-0.33994,-0.91715,-1.2507,-4.2421,0.47744,0.87033,-0.19253,3.1658,0.060813,2.084,1.1301,2.0369,0.15257,-1.3069,0.77375,2.906,-0.30356,-1.1079,-1.2945,0.09161,-1.6987,0.98182,-0.44724,0.80655,3.4243,-1.5669,1.083,0.94013,-1.4166,1.0522,0.22634,0.6495,1.6503,1.3241,4.6536,4.1632,-0.16001,0.0048566,-1.3349,1.9309,-0.87661,2.3303,0.69591,2.1261,3.507,0.80446,2.7025,-2.939,0.12562,0.91258,-0.70807,1.5708,-0.078002,-1.1826,3.0766,0.78726,2.1267,-1.4318,1.1025,1.0509,0.11197,3.4169,-0.1857,2.0552,0.51816,0.44394,-0.13115,-0.55521,-2.14,6.0167,0.047407,-1.135,-1.3813,0.45648,0.89456,-1.1191,0.64504,-1.4186,0.74117,-0.47318,-1.0234,4.827,-0.86675,1.3744,-1.1712,-2.1541,1.9797,3.3612,3.1842
CXCL5,6.3877,5.6914,6.7842,2.867,3.6009,2.9375,0.25675,0.0041556,4.7381,1.8257,3.5333,1.9699,3.3315,-0.48026,2.0615,0.5404,-0.72528,3.22,0.1039,-0.023847,4.5047,-0.19474,2.4798,0.5426,3.5366,3.347,2.8749,-0.15919,2.3913,-1.2308,4.2557,-1.1048,-0.63846,0.58993,-1.4755,-1.0594,0.82468,0.51425,0.11808,2.8695,-0.034523,0.31066,-0.94891,0.31586,1.3175,-0.3524,4.331,1.9933,-0.066304,5.014,6.4089,2.813,5.9122,-1.1106,1.1779,-0.80288,0.58394,1.9202,6.2531,5.0828,3.239,0.40893,0.36328,-0.68877,-0.75128,-0.60931,1.4714,-0.73413,-1.0694,-1.2461,-1.3648,-0.78209,-0.64051,1.1452,3.5301,-0.37423,0.056242,1.261,1.4914,1.4305,1.1504,0.89897,2.4488,0.66923,1.0947,0.86521,-0.9107,-0.42005,-0.58121,-0.25461,0.14471,-1.1079,-0.84967,-0.27485,-0.056242,0.69397,3.8976,-1.3021,1.6465,1.492,-0.56372,2.1957,2.4065,2.4905
SELE,2.1883,5.3655,2.7275,-0.50371,1.9623,1.3394,0.0037854,-0.48294,4.3392,-2.2024,2.6344,1.2649,1.937,-2.6159,-0.13676,-2.6159,-1.6129,0.48015,-2.6159,0.99927,1.4324,1.6401,1.942,1.1509,3.7797,0.068219,3.8664,0.090681,-2.6159,-0.84801,3.7942,-0.4399,-2.6159,-0.25331,-1.6042,-2.6159,0.14855,0.091468,-0.92483,3.2025,0.059229,-1.8455,-2.0776,-0.11235,1.8523,0.69856,0.6907,1.7391,2.2425,3.7474,3.5623,2.0511,2.0095,-0.38684,-2.6159,0.52752,0.20154,-0.7934,3.2947,3.9508,-1.6568,0.52129,-1.3128,-2.6159,0.45129,0.068657,0.85462,-2.6159,0.18051,0.45125,0.58036,0.91524,-1.092,1.1668,0.14654,-1.2619,1.4581,-0.55953,2.2219,1.1443,0.67779,-1.4119,0.41888,-2.6159,-0.95799,1.8401,-0.50883,-0.75514,1.4306,1.1797,-0.90799,0.27121,-0.27788,-1.025,0.51556,-0.31011,2.6364,-2.6159,0.39391,-0.059572,-2.6159,1.8123,1.2871,2.3698
SFRP5,-3.9847,-0.93336,-6.4614,-0.021491,-5.8932,-0.47338,0.013367,-1.2335,-4.8617,0.37031,-1.0909,-0.19839,-0.13753,1.2661,0.30732,0.69577,1.01,-0.57522,1.0239,-1.0548,0.095165,-0.67647,-0.57109,-0.4114,-1.0276,-0.95879,-1.1549,-0.21625,-1.9919,1.0333,-0.97318,0.3805,0.92129,-0.1555,0.57792,0.89265,-0.75574,-0.091058,0.92425,0.089912,0.82283,0.51496,1.4545,0.039293,-0.46455,0.16767,-0.53825,-0.38503,-0.67966,-5.721,-4.0156,0.24385,-7.8094,1.2052,0.84025,-0.45271,-0.081301,0.71204,-4.7141,-1.6689,0.067751,-0.06959,1.1786,-0.00096035,-0.86005,-1.0525,-1.2751,1.1535,0.074432,-1.1541,0.021022,0.55974,0.62425,-0.23971,-0.71287,0.045888,-0.82979,0.48034,-0.49445,-0.38922,0.4321,0.97681,1.1108,0.88915,-1.2521,-1.8726,0.97954,0.72874,-0.59677,-1.0065,0.19079,0.1924,0.61098,0.51733,-0.034792,-0.20013,-1.7262,0.64778,0.082656,0.47612,1.0569,-0.92374,-0.33621,0.9091
SHBG,-5.5457,-1.3685,-5.6439,0.0096931,-3.7538,0.24785,0.29671,-3.047,-4.0442,0.085266,-0.41261,1.1706,-0.49713,1.7795,0.42888,0.71954,1.3685,-1.8186,2.9986,-1.7895,0.061055,-1.924,-2.1975,-1.3021,-2.2164,-0.60507,-3.2981,-0.36876,-1.0749,0.052602,-0.75595,-0.11495,1.1518,-0.32551,0.11913,1.207,-1.9726,0.31087,-0.17546,1.3786,1.2886,0.16889,1.7119,-0.095731,-1.544,-0.46567,-0.55012,-0.61031,-1.5003,-5.0385,-1.8762,-1.3035,-6.595,0.92508,0.16296,-0.98824,0.89798,0.77532,-6.595,-3.8369,0.42282,-0.30905,1.1296,1.0816,-1.1586,-0.41945,-1.5743,1.3537,-0.44328,-1.454,0.93446,-0.50763,1.6697,-1.2342,-2.8198,0.84651,-1.0113,2.4985,0.97475,0.20876,0.3298,0.1326,1.1272,0.81083,-0.036943,2.4514,2.8809,0.59452,-1.9426,-1.4531,0.74829,0.9282,0.1104,0.94562,-0.99423,-1.1993,-0.31135,-0.11087,0.53914,0.72687,1.1026,-2.0663,-1.0675,1.8084
SLC6A4,-2.2597,-0.75869,-5.428,0.56422,-6.3292,-0.83113,0.44917,-0.99695,-6.0347,0.0077562,-2.6892,-1.5647,-1.1754,0.043079,0.15318,-0.95463,0.16854,-0.2153,-0.51942,-1.0365,-0.89977,-0.91323,-0.52714,-0.10036,-1.8429,-0.39474,-1.6758,-0.3615,-1.6504,1.0848,-0.74197,-0.54055,0.94232,-0.0042114,0.52898,1.1396,-0.89841,0.01272,0.26399,-1.4053,0.37115,0.43178,1.5164,0.11158,-0.77581,0.32789,-0.57502,-0.51956,-0.87386,-5.832,-3.7343,-0.011057,-8.3609,0.8427,0.099476,-0.57576,-0.13602,0.1634,-4.653,-1.1994,-0.21893,-0.56981,0.26303,1.3115,-0.28354,-0.84026,-1.0406,0.25584,-0.24666,-0.70754,-0.95625,-0.24466,-0.25778,-0.28141,-0.72511,-1.0901,-0.66076,0.48936,-1.3789,-1.6453,1.0507,0.75328,0.98179,-0.24174,-0.85158,-2.5986,0.63089,0.53584,-1.1003,-0.31907,1.1338,0.29282,0.25813,1.0816,0.3336,0.29685,-0.67389,0.7428,0.4504,0.50806,0.79008,-0.3815,-0.17134,-0.92445
SLC10A2,-2.1317,-0.87791,-3.3965,0.040872,-7.571,0.18616,0.48541,-1.786,-6.6916,0.16155,-2.0499,-0.28777,-0.17716,-0.12075,-0.14231,-1.3741,-0.63821,-1.1812,0.23211,-0.89611,-0.97863,-0.83043,-0.49456,-0.70975,-1.0475,-0.27951,-0.31307,-0.5938,-2.5523,0.64668,-0.090886,0.43543,0.22646,-0.13755,0.067822,0.86987,-1.7654,1.2683,0.5453,-0.91808,1.3592,0.3107,1.2331,0.5483,-0.4336,-0.4982,-0.66208,-0.2971,-0.89868,-3.67,-3.2948,0.53316,-8.4429,1.2573,0.46435,-0.8144,0.50428,0.13524,-4.3123,-1.5518,-0.15285,-0.75122,1.0565,2.252,-0.064649,-0.77923,-0.81917,-0.41392,0.014889,-1.1783,-0.11452,0.016726,0.36482,-0.38818,-2.1309,-0.14684,-1.1005,0.49546,-0.71801,-1.4345,0.66332,0.53891,0.58103,0.075631,-0.18984,-0.95629,0.1276,0.92771,-0.89017,-0.77876,0.20889,-0.014889,0.26146,0.25721,0.32543,0.26617,-1.242,0.92465,0.64332,0.51031,0.37517,-1.0683,-0.46814,0.2403
SLC11A1,2.1224,4.3695,2.6433,0.23272,4.3296,2.4544,-1.2598,-0.52413,2.6713,-1.466,2.8265,2.9447,1.4593,0.50604,0.17636,2.1482,0.12351,1.7691,3.5641,0.87288,1.6162,-0.88652,1.1309,-0.10545,3.164,-0.043356,0.4329,0.35762,2.0557,1.8144,0.99732,0.61845,2.2349,-0.51688,0.59825,0.087921,0.3444,1.4717,0.71848,2.617,0.44773,-0.17924,-0.17121,1.1762,0.98181,-0.47505,1.0535,-0.16214,-0.60608,2.2223,5.3627,1.903,3.8506,-0.38738,-0.32676,-0.24954,1.2599,0.28025,4.0848,3.2698,2.2781,-1.9122,-0.2545,-1.3191,-1.3973,-0.53813,-0.89438,-1.3004,-0.23507,0.33968,-0.43511,-1.3483,0.66771,-0.31914,0.17247,0.47456,0.36446,1.0514,0.95354,-0.11925,-0.00082517,0.78398,1.2548,1.5065,0.00082517,4.0865,1.2276,-0.43858,0.77467,0.37099,0.43935,0.0076323,1.0377,-0.96279,-1.9179,-0.24573,1.0327,-0.94319,0.9563,0.45446,0.20845,1.5015,-0.5614,3.5657
SLC13A1,-2.9599,-0.3852,-4.719,1.1574,-6.3598,-1.2881,0.73878,-0.78085,-5.3592,-0.2926,-1.8783,-1.6415,-1.1186,-0.44729,0.35179,-0.56097,-0.11231,-0.51839,0.0080433,-0.50252,-0.72151,-0.4848,-0.11007,0.41779,-2.1944,-0.018101,-0.82872,-0.17414,-2.5715,1.4321,-0.42995,0.67282,0.42186,-0.090555,0.47545,1.4685,-0.4639,0.42115,0.6471,-1.1254,0.69592,0.68606,1.2033,0.48291,-0.18689,0.52562,-0.51617,-0.087212,-0.3929,-3.7344,-4.2923,0.97386,-6.0611,1.0997,0.34221,0.55839,0.43039,0.48875,-4.1002,-1.5001,-0.19467,-0.44254,0.47086,1.3941,0.22615,-0.54563,-0.61875,-0.069215,-0.0069008,-0.6209,-0.73505,-0.20211,-0.52381,-0.0095654,-0.58137,-1.1713,-0.61137,0.70193,-0.81888,-0.69212,0.96669,1.1237,0.92698,-0.75478,-2.8707,0.66242,0.57295,0.54715,-0.1783,-0.72509,0.69293,0.10704,0.50826,0.77557,0.19368,0.28297,-0.2909,1.5111,0.59119,0.94643,0.88751,-0.74206,0.21907,-1.1592
TCN1,5.6624,3.9259,3.2355,1.619,1.2776,2.6548,0.64106,-0.75256,3.7097,1.1129,1.1424,1.6871,3.2524,1.9594,0.9172,0.14214,1.2874,5.0633,-1.3006,0.16261,3.6806,0.63351,-0.99057,0.14434,4.4136,0.53557,-1.3006,0.82106,3.6346,-1.3006,0.4371,-1.3006,-1.3006,0.47707,-0.28881,0.24282,0.048857,0.40681,0.39051,-0.12603,1.9006,-0.53011,0.23779,0.78796,-1.3006,1.2977,1.5466,-0.21858,0.5693,1.6059,4.1731,1.1034,3.6244,-1.3006,0.9496,-0.085661,2.3242,0.93698,5.6612,4.836,4.3589,-1.3006,1.0025,0.67481,-0.23337,-1.3006,-0.63739,-0.30642,-0.82607,0.7666,-1.1781,-1.3006,1.7321,-0.91014,-1.3006,1.6384,2.0954,4.0777,0.95232,1.5707,-1.3006,0.90347,-0.073128,1.7426,-1.2276,1.5448,0.80651,-0.4398,-1.3006,-1.3006,1.6298,0.36416,1.0375,0.7054,-0.33902,-1.2518,3.7591,-0.66292,-0.16522,-0.55158,-1.3006,1.9063,-0.98248,1.8778
TM4SF4,-2.4434,-1.9781,-4.3301,-1.169,-5.677,0.49243,0.46969,-0.77052,-4.2829,2.2727,-1.571,-1.5945,-0.8019,0.10982,0.25083,-0.75872,-0.33688,-0.57485,-0.64162,-0.60674,-1.4652,-2.4314,-0.012867,-0.82807,-1.3793,-0.84701,1.595,-0.46982,-2.105,-0.2178,-0.82322,-0.65083,-1.0484,0.2554,1.2092,-0.27442,-0.77156,0.043817,1.6546,1.6139,2.0866,-0.40774,-0.076875,-0.51251,0.6799,1.921,-0.34953,1.36,-0.68059,-4.2866,-1.7739,-2.0292,-5.8156,1.1105,0.9557,0.30298,0.40176,-0.57231,-0.089842,-1.6462,-1.142,0.49815,-0.98632,3.2122,-0.24439,-0.99713,1.1357,0.20776,0.61042,-1.4255,1.0617,1.9198,-0.90799,-1.2004,-1.7111,-1.029,-2.1274,1.8831,-1.4216,-0.9456,1.4357,-0.91743,-0.45787,0.10966,-1.9397,2.0892,0.6839,0.4865,-0.49817,0.44719,0.14059,-0.30169,0.44929,1.0696,-0.46164,1.2582,-1.152,0.88147,0.021541,-1.0547,1.7055,-0.86834,-0.68779,0.51229
TNFAIP6,3.1888,5.6966,3.4615,1.6507,4.6179,0.47144,1.0427,0.97101,3.2957,0.57345,0.95909,-0.39667,0.11794,-2.162,0.31719,0.60267,-0.15897,1.4366,-1.0403,0.1144,2.2332,0.50908,-0.26701,1.2829,3.1462,1.0527,2.0509,0.18206,1.7732,0.60594,2.5757,0.32601,0.80232,0.42303,0.43476,-1.2035,-1.3975,-0.45459,-0.47089,1.8199,1.1653,-0.80655,-1.6236,0.3416,1.5473,-1.0491,2.0775,0.5304,-0.62552,2.3983,4.1114,2.0076,2.6699,0.55253,-0.49676,-2.162,2.2405,0.66054,2.2569,3.1811,2.6045,0.50575,-2.162,-1.1866,0.32027,-0.30603,-0.49879,0.15411,-0.10251,-0.35784,-2.0395,-1.2158,-1.9367,0.39839,-1.5694,0.77705,0.23399,1.1168,-0.90908,0.59828,-0.2833,-0.37296,1.0655,-0.059911,1.3704,0.71367,-2.162,0.6988,-1.5078,-2.162,-0.039003,-0.49724,0.17607,-1.156,-0.61546,-2.162,2.6245,1.1761,1.2953,-1.413,-0.81099,2.4141,0.72378,3.3062
XPNPEP2,-1.8224,-0.93876,-3.4515,0.36643,-5.6188,-0.76035,0.24632,-1.5648,-5.673,-0.30878,-1.4616,-0.77706,-0.57368,1.2239,0.96269,0.001153,0.82878,-0.29173,2.3619,-1.1665,0.49595,-0.44007,-0.22305,-0.45579,-1.6667,0.051338,-1.1612,-0.5072,-2.7984,-0.15291,-0.61792,0.32549,0.47437,-0.071852,0.6004,0.83161,-0.74248,0.27138,0.13729,0.71388,0.1925,0.22127,1.8873,0.11029,-0.8327,0.11361,-0.62793,-1.5642,-1.6128,-5.0334,-1.6939,0.023068,-6.0536,1.4007,0.57525,-0.080172,-1.2581,0.18125,-3.1016,-0.73157,-0.035213,0.11472,0.83665,1.7455,-0.3077,-0.44945,-0.66206,1.1258,-0.079361,-0.89692,0.33852,0.56197,0.51235,0.22006,-0.44621,-0.20279,-0.68407,0.78007,-0.035987,-0.38821,0.09808,0.61497,0.97923,0.3623,-0.55358,1.1186,1.0433,0.016217,-1.6618,-1.3063,0.32735,0.35303,-0.080359,0.39673,-0.48709,-0.34693,-0.7683,0.31553,-0.016218,0.91758,0.84001,-0.68904,-1.0215,0.66785
CUBN,-5.5262,-1.4623,-6.3027,-0.30523,-6.9925,-1.3791,0.28,-1.6079,-6.0418,-1.2006,-3.4479,-2.7123,-1.7721,-0.67785,-0.20939,-1.2517,-1.1652,-0.99417,-1.4159,-0.91655,-0.88183,-1.0772,-0.47338,0.1421,-2.8041,-0.61486,-2.0609,-0.35194,-3.3678,1.2289,-1.2363,0.095288,1.4469,0.18768,0.95646,1.3515,-1.3974,0.25391,0.18145,-1.4479,0.13244,0.28888,1.7711,0.39708,-0.72251,0.44001,-0.85402,-0.71004,-0.63678,-5.019,-4.8913,-0.22123,-6.5059,1.0489,-0.14531,-0.022808,-1.147,-0.26354,-6.398,-1.5372,-1.5814,-1.5152,0.068747,0.96971,-0.36314,-0.61093,-1.3936,-0.42733,0.017736,-0.41067,-1.064,-0.54409,-1.4086,-0.14228,-1.2992,-1.679,-1.4375,0.16202,-2.3066,-2.0457,0.16745,0.59577,0.74008,-0.92413,-3.483,-1.6373,0.47721,0.50987,-0.66291,-0.54589,0.67738,0.29839,0.28066,0.87904,0.31756,0.53379,-1.0545,0.75512,0.20252,0.87638,1.2305,-0.74155,-0.51132,-1.3919
SOAT2,-4.4194,-1.5058,-4.8738,-0.60375,-6.3759,-0.15749,0.41561,-1.1154,-6.0814,0.30345,-0.59037,-0.19315,-0.44395,0.89132,0.47973,0.90105,-0.23687,-1.0976,1.1386,-0.016985,-1.4232,-0.99188,-0.056879,-0.95647,-1.9169,-0.83295,-0.98925,-0.77793,-3.697,0.64126,-1.1442,0.79331,0.91273,0.47502,0.70712,0.99195,-1.1174,0.55126,0.49713,0.55357,0.72235,-0.32092,2.1062,-0.32166,-0.019424,0.12952,0.21668,-0.57308,-0.41243,-4.2562,-2.876,0.25439,-6.7072,0.74834,0.74795,0.25645,-0.0030088,0.85053,-5.4673,-2.5522,-0.76671,-0.1782,0.12258,0.12258,-1.2244,-0.96931,0.14421,0.75719,-0.15263,-0.83366,0.66119,0.62452,0.15761,-0.66751,-1.1708,0.52921,-1.4023,1.2475,-0.082481,0.2778,-0.73561,0.31762,0.80694,0.8449,-1.4931,1.1664,1.7915,0.66787,-1.043,-0.30686,0.082481,0.3687,0.18663,0.52007,0.29479,-0.14162,-1.2586,0.3127,-0.10143,0.10582,0.90187,-1.5558,0.3037,0.86766
CYP4F2,-3.6246,-1.9412,-6.3505,-0.10011,-3.9698,-1.1098,-0.056528,-2.2668,-5.5234,0.31977,-1.5982,-1.251,-0.58785,0.18145,-0.73565,-1.1356,0.67031,-0.50467,-1.3321,-0.56286,-0.20221,-1.538,-0.51384,0.13431,-2.6498,-0.11589,-0.4247,0.18417,-3.1093,0.21119,-0.67742,1.105,1.4854,0.67291,0.83259,0.59136,-1.3671,0.74763,-0.070863,-0.74757,0.068995,0.87584,1.7433,0.066171,0.42829,0.68375,-1.7096,-0.55692,-0.8689,-5.7194,-1.6414,-0.62178,-5.9073,2.0514,0.14272,0.30709,-1.4235,0.67995,-5.2335,-0.74526,-1.4954,0.14683,-0.11615,1.2926,-1.3156,-0.8909,-0.94933,1.0018,-0.33329,-0.53367,0.82838,-0.50316,0.90811,-1.183,-1.6977,0.35171,-0.84511,0.77497,-0.27368,-1.2719,0.60378,0.55359,1.0795,0.03769,-0.9501,-1.2141,1.5014,-0.28569,-1.2518,-0.70602,0.36242,0.38155,0.30359,-0.21602,-0.30513,-0.14964,-0.39261,0.51015,0.30023,0.23495,1.3282,-0.72942,-1.4804,0.80615
FCN3,2.7685,3.0833,2.8403,-1.1685,3.3679,2.4876,-1.2807,1.4372,4.592,1.1328,3.3639,0.8996,1.2216,1.1048,-1.2807,-0.3526,0.72226,2.4003,-1.2807,1.1,2.301,0.65334,0.029261,0.4861,4.4465,1.2335,1.4467,-0.74407,2.6544,-0.51283,0.77886,-0.0051835,-1.2807,1.6668,-1.269,-1.2807,0.06869,1.4266,0.41034,1.4788,0.90898,-1.2807,-1.2807,-1.2807,-0.1564,0.6801,2.0259,1.0236,-1.2807,3.6882,4.296,1.5626,1.6443,-1.2807,1.9694,1.1566,1.1217,-1.0432,3.8699,3.4033,1.2633,0.85647,-1.2807,1.0166,-0.7985,-0.74673,-1.2807,0.29838,-0.11918,1.176,-1.1583,-1.2807,-0.05546,0.69466,-0.10325,0.073315,0.79329,0.77565,-0.027849,1.4795,-0.98703,-1.0767,-0.053295,1.8213,1.1142,-1.239,-1.2807,0.16499,-1.2807,1.2262,-1.1578,0.87627,1.3203,-1.2748,-0.31919,0.35302,1.2346,-1.2807,-0.73034,-1.2807,-1.2807,1.663,1.3593,-0.10236
HCAR3,2.8499,5.7591,3.2082,1.0188,6.6727,3.9123,-0.47371,1.1624,2.8904,0.93675,0.87564,3.0989,0.55263,-0.11227,0.6257,2.2753,1.5877,2.2657,2.4906,1.9512,3.4087,-0.19175,0.39716,0.39881,3.8352,1.5139,0.6906,0.29126,-0.065137,2.0699,2.1968,-1.7247,4.3303,-0.4153,-0.2881,0.95812,-0.7764,-1.708,-0.50187,2.1284,0.037412,-0.90792,-0.55505,1.6118,1.6052,0.37558,1.2731,-0.18135,-2.0488,2.2718,5.8191,3.5412,3.4561,-0.005693,0.18847,-1.7854,1.9046,1.7291,2.5924,3.3185,2.7661,-0.27813,1.432,-1.0249,-0.34814,-0.29636,-1.0152,0.38617,-0.61891,0.28926,-1.0705,-0.88418,0.032332,-2.2879,-1.0858,0.81318,0.88108,1.115,1.4225,0.92987,-0.12163,1.2037,1.871,1.9597,1.3946,2.5175,1.1942,0.1084,-0.34614,-1.5266,-0.06998,-0.013641,-0.52476,-0.99433,-0.86883,-2.3665,1.7629,0.2812,2.8986,0.39254,0.013641,3.448,1.6753,3.3278
ALDH1A2,5.6535,3.2788,3.6356,1.302,4.1749,4.1706,0.15742,-0.39969,6.3833,1.9512,-0.14858,0.23263,0.74725,-0.46907,2.046,-2.2696,0.73337,5.8781,-2.2696,0.48306,3.4891,1.0795,1.2103,0.76025,5.0113,2.8295,-0.056777,0.43696,0.66553,0.8202,-0.53197,3.1758,0.27962,0.82994,0.91206,-1.3112,0.18189,-0.56225,-0.57855,-1.0951,-0.81688,-0.91421,-2.2696,0.40386,-0.14529,-0.67136,1.8995,0.54932,-1.3181,1.0239,5.5152,2.2574,6.6733,-0.77752,2.7531,-1.0547,-0.45217,1.5529,7.8349,6.3905,-0.31056,-1.3023,0.6184,-2.2696,-0.78739,-0.73562,-0.60645,1.184,-1.2102,0.79753,-2.2696,-2.2696,-1.0444,-1.2942,0.90786,0.66938,0.61175,0.20179,-1.0167,2.0947,2.1115,-0.48063,0.54277,-1.1676,2.2628,2.4939,-2.2696,-2.2696,-0.40134,-0.058993,1.0233,0.13207,-1.2535,1.3213,-1.3081,2.1011,1.1201,0.53794,0.60269,0.064318,0.081345,-0.06281,0.63342,0.7161
MGAM,-2.239,-0.92167,-4.2679,-0.19588,-6.4792,-0.84824,-0.12651,-1.8903,-6.2494,-1.4292,-2.3348,-1.6059,-1.0692,-0.29144,0.37909,-0.97835,-0.12008,-0.50613,-0.23558,-1.6777,-1.5113,-1.0889,-0.78981,-0.20034,-1.8126,-0.37829,-1.5852,-0.32154,-3.391,0.91013,-1.0185,0.19995,0.6088,-0.18409,0.37645,0.79862,-1.4921,0.15077,-0.38105,-0.67522,0.13543,0.16526,1.2858,0.52644,-1.5079,-0.080508,-0.52833,-0.51701,-1.3742,-5.0169,-2.0528,0.12338,-6.0665,1.225,0.081779,-0.39482,-0.98829,-0.1144,-3.3584,-0.98056,-0.41849,-0.46194,0.29539,0.90487,-0.86386,-0.7843,-1.3171,0.1798,-0.13714,-0.17947,-0.85422,-0.33882,0.00045967,-0.075395,-0.95105,-0.76183,-0.99711,0.31129,-1.2358,-1.4391,0.39202,0.33442,0.37362,-0.47743,-0.66614,-1.9923,0.74698,0.10651,-1.2364,-0.289,0.55038,0.023384,0.12057,0.53198,0.10389,0.20305,-0.87712,0.4571,0.27135,0.15649,0.70806,-0.6496,-0.72231,-0.19752
NAT8,-7.4841,-1.9357,-7.4841,-0.21386,-5.9059,-0.34355,-0.046673,-1.9703,-5.9333,0.96433,-1.5949,-1.2939,-2.206,1.0945,0.15577,-0.65805,1.8112,-1.4246,1.6263,-0.75845,-1.9411,-0.88708,-0.61443,0.48961,-2.0221,-1.8452,-2.0452,-0.49295,-1.6421,0.43759,-1.8039,0.076833,0.86654,0.18166,0.64227,1.2759,-1.6536,0.73699,-0.14919,-1.2011,0.35418,-0.34705,2.0697,-0.21498,-0.22707,0.5454,-0.518,-1.0874,-0.40068,-6.2781,-7.4841,0.84587,-6.6031,1.7148,-0.12195,0.38423,0.89939,0.58632,-6.6013,-2.4041,-0.13273,-0.56707,0.9262,-0.14978,-0.75871,-1.7022,-1.8667,1.3291,-0.33367,-1.3946,0.20057,0.55472,1.2861,-1.2735,-1.9609,0.53526,-1.341,2.1204,-0.78829,-0.38403,0.88661,0.30973,0.73714,0.99847,0.44669,0.39249,1.5945,0.54547,-1.2445,-0.51326,0.3231,0.17262,0.14978,0.44369,0.35994,-0.80549,-1.2795,0.52488,-0.4784,0.62716,0.67269,-0.62692,-1.6903,1.6517
CLDN8,-4.771,-4.8203,-4.8203,-1.7081,-4.564,-3.1869,1.0088,-0.14301,-2.2695,-0.49993,-3.1143,-1.8326,0.16004,-0.065547,0.89589,-0.12967,1.575,-3.7242,-0.69862,-4.2051,-2.2315,1.0207,-1.1884,0.17919,-3.2491,0.15333,-4.8203,1.9831,0.69982,0.37386,-0.038248,-0.48586,0.60341,1.8762,2.0618,1.7528,-0.24849,0.66843,-1.5443,-1.0608,-1.2521,0.85704,3.049,0.43815,0.52643,2.8865,-1.1658,-1.1534,-3.2839,-4.8203,-4.8203,1.1687,2.7558,1.626,0.23722,-2.0204,0.24508,-2.5828,-4.8203,-3.3842,-2.2763,0.53929,2.1266,2.919,-0.016142,-2.4789,-0.51327,0.26131,0.48708,-0.090178,-0.44992,-2.8741,1.1599,-0.5719,-3.6428,1.6212,-0.42435,2.6955,-1.2455,-3.0601,-0.13429,1.7236,0.26512,0.86671,-4.8203,-2.0011,0.74621,2.0405,-0.70671,0.022598,0.79451,-0.65308,-2.2192,0.31495,1.3112,-3.1866,-1.1895,1.3409,-0.68495,0.016142,2.109,0.35614,-2.9173,-1.6419
SLC28A2,-6.3446,-2.386,-4.5185,0.15672,-5.4121,-0.97026,-1.1377,-0.27531,-5.5331,-1.4676,-1.9789,-1.5356,-1.1943,0.020082,-0.085669,-0.98254,-1.554,0.39934,0.17688,-0.18838,-0.77557,-0.49294,0.13145,-0.39669,-3.2199,-1.0137,-1.4809,-1.0073,-3.7478,-0.66318,-0.45843,-0.27291,0.81411,-0.11173,1.0731,0.77703,-1.0362,-1.103,-0.23271,-1.0321,0.74718,0.30302,1.0245,0.47607,-0.2798,1.0584,-0.60531,-0.29565,-0.10003,-2.8323,-4.7332,-0.76296,-1.5707,1.427,-0.4705,0.88066,-2.2764,-0.84256,-4.5754,-1.0612,-1.2807,-0.87856,0.58255,0.1482,-0.10699,0.54223,0.34914,0.10521,0.7503,-0.61446,0.93105,0.77312,0.86341,0.15425,-1.2949,-1.4635,-0.90086,-1.3978,-2.2968,-1.0498,0.57997,0.43498,1.3856,-0.60603,-2.2474,-0.048833,-0.91388,0.71732,0.31446,0.038122,-0.44965,1.5535,1.6392,0.25529,0.40434,-0.24291,-1.6198,0.20204,-0.47535,0.17286,0.91902,-0.54054,-0.68706,-2.0605
SLC28A1,-2.6965,-1.4087,-3.9081,-0.052168,-7.6581,-0.3419,-0.081473,-1.453,-5.5876,0.031312,-1.0042,-0.10917,-0.65733,1.0058,0.44058,0.4766,0.38578,-0.18815,0.68943,-0.51104,-0.29718,-0.55007,-0.44496,-0.045427,-1.3157,-0.028017,-1.1469,-0.11084,-1.7681,0.8595,-0.77891,0.27646,1.1313,0.084477,0.69021,1.1232,-0.90427,0.19089,0.45107,0.19973,0.25563,0.66889,1.6452,0.24696,0.087163,0.3615,-0.36105,-0.5867,-0.60478,-4.3741,-1.4595,0.35341,-6.9504,1.31,0.4317,-0.047408,-0.52341,0.58246,-2.9595,-0.67182,0.13853,-0.37899,0.56052,0.51085,-0.74394,-1.0561,-1.1316,0.80893,-0.21546,-0.91091,-0.19796,0.23023,0.38491,-0.32836,-0.76771,-0.054578,-0.59905,0.35827,-0.5945,-0.23264,0.48213,0.7865,0.97427,0.031726,-0.82719,0.58514,1.2528,0.5228,-0.71891,-0.47606,0.4669,0.39991,0.3488,0.94353,0.44165,0.22849,-1.1881,0.68323,0.39325,0.37256,0.69474,0.080453,-0.72573,0.67032
LRAT,-3.511,-1.7316,-3.8074,0.71145,-4.3208,-0.72561,0.069796,-1.2597,-4.6207,0.051818,-1.8479,-1.2427,-0.8946,0.81254,0.18057,0.15714,0.79987,-2.9445,1.4868,-1.9332,-2.0885,-1.5007,-1.4469,-0.27205,-3.006,-0.87692,-1.8118,-0.5297,-1.4373,1.1456,-2.2975,-0.43156,1.5896,0.23786,1.4332,1.9375,-1.7992,-0.17266,0.13194,-0.83221,-0.11259,-0.061168,1.7172,1.0481,-0.76372,0.37019,0.020415,-0.52246,-0.7309,-3.2022,-2.5232,-0.090562,-3.6873,0.4934,0.24697,-0.94159,-0.71589,0.58312,-4.2587,-3.398,-0.35377,-0.3093,0.54167,-0.0066452,-0.62966,-1.0911,-1.0862,0.17781,-0.29991,-0.22692,-0.38623,0.37296,0.37666,-0.059345,-2.2514,0.17728,-0.96827,1.6738,-1.4078,0.39418,0.50551,0.33673,0.60259,0.65682,-2.7234,3.2021,1.555,0.88914,-1.1512,-1.1573,0.0066452,-0.066994,0.61463,0.96011,0.072385,-0.46753,-0.52841,0.71735,-0.09526,0.63699,0.014466,-1.5267,-0.99702,0.19191
LAMC3,1.7173,4.463,-0.41652,0.42268,3.7367,0.94387,-0.74791,-1.1415,4.0312,-1.276,0.23888,4.2743,-0.18723,1.5705,0.78962,-1.2468,-2.6895,0.90903,1.0171,0.12729,0.89932,-0.75545,-2.4081,1.6173,1.6891,1.8691,0.96389,0.30657,2.2456,1.1658,0.048133,0.32299,-0.78414,-1.3269,-1.0928,-0.14615,-0.60314,0.18777,0.17147,-1.515,0.34818,1.2508,0.93629,-2.186,-0.15015,-0.31366,-0.25739,0.26692,0.84691,0.68642,2.0596,-0.60747,4.2187,0.80257,-2.0243,0.11034,-2.6895,-2.452,3.3791,-0.25338,0.59147,0.80131,0.78346,0.45577,-1.2073,0.54492,0.29558,1.0051,0.59232,-0.39997,0.75485,-0.42141,0.12071,0.27136,0.22493,-2.6895,-0.030541,0.36685,-2.6895,1.9967,0.9261,0.32187,-0.14016,-0.0025129,1.0839,0.79281,0.0025132,-0.50684,-0.45041,1.2866,-1.5666,0.19759,-2.6734,-1.6836,-1.143,-1.0085,0.048161,0.40755,-0.81721,-0.13319,-0.33856,0.39438,-0.78648,-0.18923
SLC6A14,5.2912,2.5343,5.1416,0.17789,3.4294,3.5003,-0.13792,-0.39247,4.7015,-0.34413,1.4078,3.2066,0.39239,-1.3721,0.9717,1.4856,0.46778,2.3647,0.92207,0.33554,3.177,0.17646,0.66786,0.5508,3.6661,1.4384,1.9141,-0.31405,1.1775,-1.7673,2.2863,-0.39325,-0.45863,-0.86449,-1.7924,-1.5262,0.22924,-0.61727,-0.72722,4.115,-1.4123,-2.1127,-1.2073,0.2535,0.82324,0.11935,2.5605,1.1421,0.45021,2.1512,7.7396,2.7041,6.8826,-0.23119,0.97512,0.5881,0.79681,0.3422,7.2919,4.5886,0.78642,0.07916,-0.79158,-3.0453,-1.0893,0.16653,1.2378,-1.2731,-1.2051,0.31469,0.26244,0.35136,-2.4729,0.39903,0.9824,-1.889,-0.1896,0.84923,2.1529,1.2987,-0.54214,-1.4605,-3.3426,-0.46391,1.5377,3.4973,-0.99191,-0.22602,0.98176,1.5681,-3.1201,0.083642,-2.9012,-1.0923,-0.36473,0.5298,2.2882,-1.3251,-0.59055,-0.69313,-2.4066,0.24121,0.8904,4.1806
CLEC5A,3.8401,4.8595,3.9935,-0.045057,4.3811,-0.045057,1.1596,1.5029,4.3131,-0.045057,1.076,0.13526,1.2348,0.7555,0.62673,0.39764,0.95793,2.9255,-0.045057,1.2482,4.0032,-0.045057,-0.045057,-0.045057,2.7486,1.7911,0.94539,0.4916,-0.045057,0.4713,2.2776,2.2305,-0.045057,-0.045057,-0.045057,-0.045057,0.7194,1.6623,-0.045057,-0.045057,-0.045057,1.7254,-0.045057,2.0435,-0.045057,-0.045057,2.124,-0.045057,-0.045057,1.161,5.3742,1.622,4.5804,-0.045057,-0.045057,0.58488,0.77239,0.19248,4.8377,5.4355,2.499,-0.045057,-0.045057,0.93031,-0.045057,-0.045057,-0.045057,-0.045057,1.0144,-0.045057,-0.045057,0.90112,0.18021,0.34536,-0.045057,-0.045057,0.02896,5.0399,1.2078,5.0371,1.2486,1.7439,0.18237,1.057,2.3498,4.7417,-0.045057,-0.045057,-0.045057,-0.045057,-0.045057,0.0347,-0.02896,0.9609,-0.045057,-0.045057,2.2072,-0.045057,1.5053,-0.045057,-0.045057,1.1618,-0.045057,1.1333
DHDH,-4.1114,-0.40295,-3.7572,0.22099,-5.4405,0.20015,0.4361,-1.9296,-6.8013,1.2202,-2.3372,1.3529,-1.4665,1.7558,0.64057,0.67412,0.94513,-0.053995,1.2807,-0.090752,-0.61432,-1.0069,-0.090551,-0.19661,-1.2038,0.1794,-0.96934,-0.062702,0.33793,1.0546,-1.0783,0.35149,1.4946,-0.17112,0.48629,1.8721,-1.211,-1.2687,-0.01156,1.4697,0.35203,0.65612,1.5413,-1.2291,-0.14216,0.35067,-0.95112,-0.9835,-0.51641,-5.4793,-2.3854,-0.23531,-6.4271,1.0533,0.066973,0.39988,1.0949,1.1656,-4.5725,-1.8834,0.16553,0.22257,1.4019,0.85927,-0.4355,-0.95207,-1.6887,0.89612,-0.25418,-1.7803,0.94486,-0.42979,1.4749,-0.57963,-1.0187,0.65327,-1.5054,0.20878,0.055181,0.31694,0.39197,1.1366,1.4593,0.92626,1.1419,1.6748,1.5902,-0.13064,-0.88161,-1.0163,0.92576,-0.44873,0.16336,0.1425,-0.69862,-0.25424,-2.0209,0.33014,-0.015132,0.11077,0.0040312,-1.3573,-1.1515,1.1266
DUOX2,6.8834,4.1559,6.2269,4.068,7.2995,4.7676,1.881,1.5265,5.9944,0.014105,4.6028,5.2166,4.3847,0.23324,3.2505,1.2773,-0.51186,6.1056,1.0474,-1.2069,6.8513,-0.92386,3.5174,1.0583,5.5518,4.2228,2.2989,0.29141,2.6678,-0.88528,2.8122,-1.5284,-0.81361,-0.80761,0.20262,-2.2483,2.7946,0.21806,-1.8942,2.5869,-0.95193,1.7588,-1.5875,0.95754,0.15199,0.27605,4.0627,2.4788,-0.27144,4.8172,8.4221,4.8214,7.9761,-2.1927,2.6898,-0.90219,1.799,2.473,8.3085,6.9623,5.2019,0.94885,-1.4748,0.15566,-3.0326,0.078043,1.6749,1.9635,-1.6778,-0.64782,-1.9774,-0.77116,-1.2556,2.3658,4.4029,0.30485,2.8163,0.88617,1.9222,2.3233,-0.36555,2.0972,0.51246,-0.40458,-0.32642,2.0073,-0.37383,-1.265,-0.87797,1.9556,3.1616,0.26005,-0.078058,1.4034,-1.0149,-0.38265,4.7242,-2.3626,2.4372,2.3542,-4.3338,4.9534,2.7086,3.3907
NAT8B,-5.0526,-1.2223,-4.9459,-0.22324,-4.3061,0.13716,-0.15887,-1.4005,-4.9825,1.1809,-1.8371,-0.51629,-1.9669,1.2219,-0.01691,0.018744,2.1988,-0.49176,2.0884,-1.0819,-0.44156,-0.52878,-0.98398,-0.090611,-1.4154,-1.4536,-2.6979,-0.24729,-1.5837,0.50583,-2.0105,-0.18618,0.66925,0.059184,0.73437,1.2027,-1.2951,-0.29247,-0.5028,-1.3487,0.42902,-0.25113,1.3424,0.027719,-0.43418,0.1179,-0.97916,-1.352,-0.90678,-5.691,-6.066,-0.37463,-5.5795,1.6123,0.054889,-0.495,0.77141,0.53326,-7.4578,-2.3866,0.060401,-0.042828,1.3044,-0.24454,-0.98156,-1.4923,-1.6334,1.6618,-0.94119,-1.048,1.2789,0.43849,1.4168,-0.17906,-1.418,1.0833,-0.61267,2.0292,-0.44706,0.4033,0.46992,0.42406,0.80097,1.417,-1.1153,0.83803,1.496,0.692,-1.1708,-0.84858,0.44302,0.33478,-0.025809,0.51285,0.025809,-0.14539,-1.8933,0.49917,-0.14482,0.38519,0.73273,-0.43322,-1.207,1.0486
TREM1,3.4995,4.5165,3.2527,1.7678,4.8465,0.56001,0.13127,-0.52538,2.1779,2.1475,1.5071,2.5664,-0.37844,0.31213,1.0578,1.8287,-0.070391,2.1382,2.9266,0.38979,2.6029,-0.72428,0.23661,-0.043516,3.0003,0.24817,0.41957,-0.29794,-2.0734,2.2181,1.7517,-0.79784,2.4759,-1.2957,-0.06163,-1.115,1.013,-0.78105,-0.060385,2.6861,-0.62064,0.28203,-2.0734,0.17864,0.78791,-0.69752,0.80236,-0.25444,-1.1219,2.6562,5.4136,2.2566,4.067,-2.0734,-0.086256,-0.44345,1.7441,0.48608,3.6721,3.6107,1.693,0.35332,-1.7703,-1.098,-0.59116,-0.53938,-0.088283,0.72812,-1.0139,0.21617,-1.9509,0.45776,0.47381,-2.0734,0.32649,0.86562,1.0006,0.39803,1.1795,1.9195,1.6797,0.71561,1.476,1.0287,-0.00043058,-1.9793,0.03369,-2.0734,0.22816,-1.1847,0.3715,-0.99362,0.85345,-0.48246,-1.1118,-2.0246,1.4419,-1.4357,0.79893,-0.73944,-2.0734,2.7964,-1.7553,3.2343
UGT1A6,-2.7455,-1.1664,-4.1655,0.27885,-4.4661,-0.43589,0.40645,-1.5368,-4.0911,-0.10481,-4.0683,-4.1767,-1.2008,-0.117,0.25532,-2.2016,-1.6653,-0.16287,-3.3054,-0.84719,-0.32208,-1.144,0.057233,-0.50484,-2.0057,-0.066522,-0.56938,-0.59353,-1.1863,1.051,0.13314,-0.25274,0.55356,-0.24334,0.67501,1.7052,-1.344,-0.30355,0.0028477,-4.0168,0.22114,-0.19462,1.5592,-0.20484,-0.73202,0.22378,-0.98946,-0.19279,-0.33907,-4.2693,-1.6727,0.34451,-5.5869,1.6319,-0.5031,0.36028,-0.11291,0.4424,-2.9236,-0.74588,-0.37399,-0.44212,-0.0044298,1.4535,0.43522,-0.75917,-0.23698,-0.30452,-0.70575,-1.601,-0.71595,0.10612,-0.27407,0.48379,-1.2944,-3.9768,-0.45252,-0.17627,-3.6247,-0.64901,1.3906,0.7524,1.3916,-2.8425,-1.2246,-5.5715,0.011351,0.55613,-0.011351,-0.16605,0.7033,0.55739,0.58433,1.0878,0.64392,0.21484,0.24197,1.1604,0.98878,0.88966,1.4328,0.10357,0.1899,-2.3053
SUSD2,-2.7127,-1.2861,-5.0561,-0.083881,-5.1671,-1.17,0.27452,-1.8272,-5.6653,-0.46151,-1.9276,0.28794,-0.12337,0.99734,1.5099,0.48156,0.9701,0.18985,1.1139,-1.0438,0.74781,-0.53955,0.0030069,-0.091281,-1.0706,0.51009,-0.96289,0.071624,-2.7425,0.51677,-0.58936,-1.0355,0.22584,0.085759,0.02659,0.58205,-0.51999,0.83574,-0.3049,1.146,-0.0025234,0.44282,1.2267,-0.56333,-1.2173,-0.4377,-0.57129,-1.1666,-0.79684,-4.9194,-1.6132,-0.23498,-4.939,1.085,-0.048847,0.46338,-1.3615,-0.24914,-3.4304,-1.509,0.27778,0.06146,0.50186,1.2487,-0.20697,-0.29326,-1.3643,1.1377,-0.33519,-0.46322,0.30653,0.14993,0.75415,-0.14884,-0.14532,0.41971,-0.05281,1.3777,-0.39499,-0.56886,0.48144,0.61531,1.0988,-0.12823,0.12584,1.1773,1.3944,0.25847,-2.4075,-0.62262,-0.046934,0.41626,-0.57836,-0.024478,-0.82856,-0.086786,-1.6872,0.024478,0.34421,0.67972,0.38085,-0.92639,-1.098,1.6631
CYP4F11,-2.4343,-0.73437,-7.9887,-1.9957,-6.1475,0.36042,-5.0471,-5.9813,-1.107,1.0606,-0.084142,0.75241,-0.13012,-3.5443,-4.9246,-4.03,0.62161,0.82159,-4.5451,-1.3681,-0.13446,-3.5232,0.67795,-0.2094,-1.1057,-0.17873,-0.3929,0.498,-1.8836,-3.311,-1.1676,0.74274,2.2391,0.89248,1.331,-4.3485,-2.8944,1.1705,-4.2425,-0.10682,0.80273,-0.71105,1.8137,0.98285,0.3819,1.1949,-3.6537,0.24944,-0.76322,-2.9702,-0.67628,0.06937,-0.84183,3.038,-2.5378,-4.1236,-4.0838,1.4721,-6.6205,0.12381,0.18953,0.73229,-3.7008,1.7539,-6.1846,-4.0972,-0.75272,1.4171,-0.40035,-0.14987,0.76819,-5.2352,1.5259,-4.6134,-1.3505,0.33975,-1.4006,0.95031,1.0976,-2.6173,0.87439,-0.43769,1.5181,-4.1862,-0.59353,2.386,2.1674,-3.88,-4.0126,-0.58006,-3.5453,0.80523,-2.327,-3.4592,0.26814,0.14987,-0.15478,-3.9935,0.42472,0.21872,1.8518,0.62895,-0.095615,-0.023618
PROK2,2.5872,5.1974,5.074,2.4575,7.0098,3.4932,0.74258,0.085926,4.1762,-0.048597,3.3594,1.3032,1.2329,1.6604,1.2097,2.9806,-0.46207,3.415,-0.46207,2.8575,3.1268,2.209,2.1698,0.98283,4.8461,1.8595,0.52838,0.074584,2.4731,4.337,2.194,-0.46207,4.4545,-0.46207,-0.46207,-0.46207,-0.46207,-0.46207,0.22899,2.2974,-0.46207,0.30837,-0.46207,3.4338,1.8846,-0.08621,2.1925,-0.46207,-0.46207,1.7148,7.2386,4.3204,5.8355,-0.46207,0.20312,-0.46207,0.35537,1.7755,5.5996,4.9741,4.1974,-0.46207,-0.46207,-0.46207,-0.46207,-0.46207,0.78606,-0.46207,-0.46207,1.0201,-0.46207,-0.46207,0.76319,0.51331,0.71541,-0.46207,-0.38806,1.5943,0.7908,3.2982,-0.16838,1.3269,2.3503,2.2249,1.1958,3.1237,-0.46207,-0.46207,0.19208,-0.46207,-0.46207,0.61768,-0.46207,0.54389,-0.46207,-0.46207,1.0532,-0.46207,0.088307,0.2869,-0.46207,1.9671,0.85601,3.3921
AGXT2,-4.4821,-3.0419,-4.9954,0.98765,-4.6901,-0.99299,0.080616,-0.7794,-5.9806,1.1205,-1.4103,-0.67864,-0.016268,1.6441,-0.61623,0.1543,-1.069,-2.1663,2.2469,-0.42675,-0.51628,-0.25294,0.33259,-0.28576,-3.0291,-1.3573,-1.2674,-0.74908,-1.5962,0.44401,-1.5843,-0.21963,2.0054,0.44219,0.5895,1.7857,-0.39189,0.072741,1.021,-0.50286,0.41897,-1.1941,1.1519,0.05751,0.85635,0.91301,-0.27958,-0.9055,-1.5355,-5.0034,-5.8126,-0.80547,-6.5314,0.9308,-0.40676,0.20707,0.16968,-0.22776,-6.5314,-4.1541,-0.48486,-1.4556,0.57567,0.33759,-1.4445,-1.2436,-1.1387,0.40457,0.2826,-1.7638,0.53357,0.22806,0.11779,0.56584,-1.306,-0.048062,-0.54041,0.75355,-0.37162,0.49338,0.34727,0.76011,0.26225,1.6398,-1.6511,0.27336,1.1455,-0.051508,-0.72749,0.4234,-0.40573,0.64556,-0.0087624,0.0087624,0.51081,-0.4826,-2.3531,0.58668,-0.30321,0.1405,0.71956,-1.7803,-0.19627,-0.49504
FRMD1,-3.7194,-0.95885,-6.2727,-0.87788,0.92291,-0.9274,-0.43108,-1.1972,-1.5459,0.82489,-1.4979,1.3985,-0.91549,0.77947,0.63138,0.60207,-1.027,0.37083,1.0395,-0.27879,0.35059,-0.5119,-0.14438,-0.066614,-1.2246,-1.051,-0.17788,0.50704,-0.55164,1.5826,-0.65203,0.0028739,1.453,0.80893,1.2088,1.5722,-0.90533,0.93713,0.54903,-0.25318,1.5505,0.80086,1.6696,0.34078,0.5921,0.9894,-0.10731,-1.314,0.20323,-3.9635,-2.842,-0.013013,-1.7307,1.1763,0.82506,-0.43759,-0.78768,0.41454,-5.6629,-2.5714,-0.016008,-1.0934,0.99665,-1.1401,-0.87298,-1.1217,-1.6897,0.0011244,-0.49553,-0.94455,0.19698,0.34974,1.9906,-0.0011244,-0.41932,0.18831,-0.3628,-0.31872,-1.4448,-1.2005,0.96637,-0.13074,0.48361,0.66471,-2.0188,2.0112,0.91232,0.77252,-0.34477,0.53391,0.84912,1.1002,0.53937,1.1654,0.51668,0.60708,-1.0923,0.89463,-0.43791,0.55356,1.2151,0.42164,-0.8033,0.13318
CDHR1,-3.148,-1.4552,-2.4462,-0.52302,-1.8735,-0.010945,0.0090857,-1.3193,-2.3727,-0.30011,-1.1678,-0.66407,-0.88266,0.48372,-0.0055103,0.26272,-1.6056,-0.88577,1.0067,-0.73567,-0.42539,-0.27466,-0.53114,-0.45549,-1.8992,-0.80139,-0.76384,0.34615,-3.0561,1.0088,-0.91459,0.33764,0.75886,0.28899,1.1522,0.88114,-1.4468,0.7537,0.66558,-1.7861,1.0513,0.054154,0.33793,0.19718,0.17028,0.09058,-0.54354,0.29671,-0.53835,-2.2076,-3.34,0.34452,0.021738,1.9677,-0.64222,-0.59776,-1.3891,-0.41786,-5.2901,-2.2132,-0.34221,-0.24941,1.0325,0.050187,-0.52891,-1.345,-0.93156,0.20337,-0.0047722,-1.0819,-0.39818,-0.27887,-0.078895,-0.46304,-1.1104,-0.406,-0.38407,-1.3178,0.048405,-0.42193,0.71037,0.95042,0.99836,0.83281,-1.2063,1.1767,1.4892,0.8733,-1.3888,0.6587,1.1547,1.0524,0.71516,1.0669,1.0119,0.56602,-0.33129,1.7955,0.26276,1.0699,0.55955,-1.0841,-1.6782,0.4288
OTOP2,-3.8097,-4.1243,-5.0778,-0.63129,1.1816,-0.22557,0.41404,-1.8709,1.1507,0.63252,-1.3668,1.8961,-0.47597,0.93516,-0.42023,-0.19387,-0.16792,-0.57951,1.9983,-1.2257,0.077966,-1.0303,-1.0671,-0.95467,-2.2353,0.27504,-0.76542,-1.1347,-6.0289,0.23821,-0.8318,0.40316,-0.42076,-0.60394,1.1142,0.77275,-1.8721,0.16873,-0.091413,0.927,0.21636,0.016563,1.1481,0.044523,-0.36519,-0.78678,-1.4268,-0.49977,-2.268,-5.2379,-4.3101,-0.23204,-0.64446,0.32052,-0.74898,-1.0156,-0.30455,-0.9284,-4.1461,-2.5927,0.54489,-0.6693,0.50298,1.2317,-0.5934,-1.3656,-1.9734,0.45711,-0.23247,-1.6188,0.20208,0.44023,0.07902,-0.93083,-2.1144,-0.089885,-0.96664,1.6422,-0.96866,-0.80922,0.49439,0.9343,1.0565,0.68787,-1.1486,1.9593,1.418,0.25242,-1.5168,-0.90907,0.57659,0.41334,0.025908,0.9883,-0.18471,-0.025909,-2.213,0.19161,0.91209,-0.078279,1.292,-1.1976,-0.87085,1.2248
BPIFB1,3.2972,0.0,2.273,0.0,0.25627,1.6334,0.0,0.0,0.0,0.0,0.0,1.1803,0.0,2.1225,0.0,1.4427,1.155,0.0,2.1217,0.0,0.0,0.0,0.30999,0.4449,5.601,1.0992,0.0,0.0,0.0,0.0,0.0,0.0,0.0,0.0,0.0,0.0,0.0,0.0,0.0,0.0,1.4527,0.0,1.1233,0.0,0.0,0.0,0.0,0.0,0.0,0.0,2.3037,0.0,0.0,0.0,0.0,0.0,0.0,0.0,0.0,0.0,0.0,0.0,0.0,0.0,0.0,0.0,0.0,0.0,0.0,0.48219,0.0,0.0,0.0,0.0,0.0,1.354,0.0,8.3437,0.0,4.2144,1.8787,0.0,0.22743,0.0,1.0729,0.0,0.0,0.0,0.0,0.0,0.0,0.0,0.0,0.0,0.0,0.0,0.0,0.0,0.0,0.0,0.0,0.0,0.31808,0.17836
LYPD1,4.2463,3.547,3.958,1.4104,2.0884,0.47406,-0.62269,1.174,1.4187,1.1929,3.0882,2.1495,1.4168,2.4683,1.6515,0.19744,0.58949,1.3922,-2.427,0.13409,3.316,0.0541,0.32114,1.9685,3.4079,1.4006,0.11037,-0.83042,3.7213,-0.96614,-0.02638,-2.427,-2.427,0.44566,0.57746,-1.4906,1.1662,-0.26431,-0.59327,1.6507,-1.366,-1.5798,-0.93391,-0.90474,-1.6737,-1.176,1.0308,0.49785,-0.0035183,1.5164,6.7487,2.3045,-0.16246,-1.572,0.63022,-1.2762,-0.024435,1.1272,4.2784,2.9695,1.1778,1.1497,-1.0451,-2.427,1.0043,0.48987,1.4006,-0.1825,-1.6878,-1.5363,1.1149,-2.427,2.1504,-0.15233,0.031501,1.6466,-0.35974,-2.427,1.8264,2.6372,-0.064841,-0.10928,-0.021295,-0.31628,1.0526,-2.2666,-2.427,-1.5206,1.7036,0.72496,-1.2285,0.16028,0.65938,0.021295,-1.4689,-0.51325,1.6787,-0.45622,1.224,-1.6222,-2.427,1.1066,0.29991,-0.50859
CPO,-3.1697,-0.77497,-6.9765,0.34254,-7.3234,0.12891,0.27638,-1.6039,-5.9516,0.84236,-1.0463,-0.48502,-0.051606,1.0232,0.44227,-0.57608,1.08,-0.24712,0.40617,-0.76032,0.29044,-0.7921,-0.41723,-0.29725,-1.0865,-0.32525,-1.7017,-0.07584,-1.8898,0.90756,-0.50242,0.13003,0.953,-0.17074,0.57316,1.1334,-1.4038,0.13637,0.18536,-0.43348,0.84859,0.3067,2.0137,0.32221,-0.083119,0.26193,-0.27844,-0.80389,-0.96275,-4.8378,-2.1971,0.76662,-7.3272,1.1096,0.54223,0.02041,1.0475,0.75658,-4.7636,-1.2397,0.048488,-0.36042,0.98572,0.67406,-0.33529,-1.1699,-1.1586,0.61402,-0.0054808,-1.3171,0.13218,0.17464,0.034297,-0.23217,-1.1649,-0.020846,-0.78971,1.7307,-0.48096,-0.82948,0.85625,0.77645,0.78614,-0.07628,-1.2388,-0.90572,0.93519,0.79944,-0.90383,-0.66336,0.64829,0.46778,0.33113,1.0493,-0.22298,0.26852,-0.71614,0.96635,0.083834,0.24559,0.8722,-0.88098,-1.0163,0.70023
SLC34A3,-3.4024,-1.0956,-5.3848,-0.59752,-7.4504,-0.60406,0.60431,-2.6794,-7.5547,0.40942,-1.0761,0.3555,-0.98595,1.1672,0.15042,0.85539,0.50357,-0.68025,1.8574,-0.96402,-0.14486,-0.58732,-0.69642,-0.36593,-2.0972,0.21601,-0.75099,-0.54718,-3.0346,0.85459,-0.46246,0.39335,0.8608,-0.030582,0.54245,1.5419,-0.99661,0.061374,-0.035284,0.96678,0.38599,0.35029,1.4516,-1.1442,-2.2699,-0.61603,-0.24388,0.086407,-0.95087,-5.2554,-2.666,-1.3379,-7.3428,0.45877,-0.87571,-1.0658,2.3055,-1.7018,-4.4929,-2.2868,-0.22269,-1.0449,1.7606,0.67344,-0.73545,-1.2365,-1.5256,0.75474,-0.33321,-2.0337,0.50107,-0.51519,0.9853,-0.57857,0.21475,0.012681,-1.778,1.3852,-0.66318,0.20553,0.3428,0.78946,1.3071,1.2737,0.12203,2.8502,2.0668,0.47312,-1.763,-1.6073,0.4829,-0.012681,0.15283,0.15485,-0.63164,0.40919,0.87126,0.6649,0.20496,-0.32774,0.93674,-1.2592,-1.9534,0.88913
SLC23A3,-3.3659,-1.2946,-3.8797,-0.61389,-3.1079,-0.33081,0.08506,-1.9747,-6.7335,-0.83045,-2.4364,-0.03433,-0.71531,1.2462,0.20637,-0.099668,0.54785,-1.1718,0.73167,-1.0214,0.20485,-0.58364,-1.5899,-0.97369,-1.8545,-1.4537,-2.1021,-0.10906,-3.4672,0.73735,-1.0496,0.57922,0.7072,0.53512,0.35851,1.2555,-0.91682,0.63456,0.25385,-0.38802,1.3389,0.9423,1.1918,0.14208,-0.918,0.24872,-0.53403,-1.5502,-1.8965,-4.057,-3.3683,0.23992,-5.103,1.7174,0.06883,-0.62161,-0.99904,0.53771,-4.3155,-1.8592,-0.1258,-0.016791,0.62403,1.08,-0.54296,-1.9121,-2.6436,0.58745,-1.047,-1.2823,-0.27007,-0.2822,0.67338,-0.00048256,-1.4869,-0.072658,-1.4631,1.2073,-1.0753,-0.68501,0.66032,0.3608,1.6045,1.1894,0.54489,-0.13663,1.3592,1.0623,-1.2267,-0.51982,0.36833,0.69925,0.61816,0.68692,0.12732,0.00048256,-1.7609,0.47449,-0.40119,0.64982,1.1785,-1.177,-1.3759,1.0896
SLC5A12,-5.6396,-0.86411,-6.9779,0.44508,-7.1322,-0.52519,0.038686,-1.1429,-6.1372,-0.18805,-2.4575,-1.1158,-0.68059,0.12573,0.0038252,-0.33331,-0.30668,-1.0047,0.63965,-0.52828,-0.56117,-0.76684,-0.80272,-0.42906,-2.2528,-0.041123,-1.8829,-0.14122,-2.1679,0.90266,-0.95884,0.28086,0.80571,0.27234,0.68814,1.148,-1.1039,0.29197,0.21477,-1.0216,0.86866,0.5985,1.571,0.13375,-0.31832,0.18676,-0.51987,-0.59871,-1.2785,-5.4545,-4.6848,0.62703,-7.0711,0.63242,0.15858,-0.51775,-0.091087,0.5319,-6.0997,-1.2707,-0.090256,-0.68025,0.26001,0.62512,-0.58479,-1.3185,-1.1414,0.54602,0.060447,-1.3907,-0.038085,-0.081473,0.27986,0.090453,-0.86996,0.26612,-0.66858,0.6701,-1.1208,-0.94802,-0.18761,0.55743,0.75857,-0.36164,-1.4185,-0.41036,0.53466,0.5484,-0.54737,-0.85895,0.53261,0.11465,0.19986,1.1162,0.36545,0.38813,-1.39,0.68592,-0.22925,0.32576,1.0635,-0.43148,-0.46493,-0.41455
C9orf71,-3.8386,-1.5988,-5.4591,-0.033462,-3.832,-0.28999,0.44321,-0.32118,-6.8594,0.99673,-4.2892,-3.2299,-1.65,-0.87331,0.35878,-2.1601,-2.2373,-0.16155,-1.2011,-0.92335,-1.3479,-1.3268,0.16722,0.30832,-2.5393,-0.53441,-1.5528,-0.058987,-3.475,-0.088634,-0.51065,-0.054137,1.2349,0.30066,0.58956,1.0017,-1.2265,0.6864,-0.055925,-4.6507,1.3008,0.25434,2.1278,1.0218,-0.4211,0.46721,-0.71053,-0.44999,-0.33895,-4.0136,-6.6914,0.079893,-5.9002,1.4623,0.37809,-0.041492,0.045034,-0.44719,-6.3133,-1.9002,-0.9157,-0.60599,0.13775,1.1442,0.46958,-0.44775,-0.21549,-0.86515,-0.1516,-0.028829,-0.44352,-0.10418,-1.1111,-0.15584,-0.84936,-2.0472,-0.99597,-0.040095,-2.9874,-2.48,1.346,0.009903,0.95146,-1.9478,-2.1123,-2.9557,-7.39e-05,0.12426,-1.2774,0.469,1.2995,0.65438,0.76537,1.6283,7.44e-05,0.31016,-1.2052,0.64706,0.23269,0.26822,1.0571,-0.53266,-0.99408,-2.7724
C19orf59,2.7497,4.364,3.273,1.6972,5.8412,2.6334,0.61969,0.0,5.9417,0.0,4.9284,1.7653,2.3503,1.3855,1.2567,0.4427,0.0,2.3184,0.0,0.64319,4.2893,0.0,1.8949,0.0,4.4312,0.0,0.0,0.0,1.8763,2.3529,1.7377,0.0,0.0,0.0,0.0,0.0,0.0,0.0,0.0,2.7595,0.86778,0.0,0.53835,2.6735,0.97232,0.0,3.0171,1.082,0.0,2.5565,7.9604,2.8894,5.8792,0.0,0.0,1.2149,0.81744,0.0,5.1458,5.6061,3.7664,0.0,0.0,0.0,0.0,0.0,0.0,0.0,0.0,0.0,0.0,0.0,0.0,0.0,1.9317,0.0,0.0,2.7933,1.2529,2.7602,0.29369,0.20403,3.2274,2.102,0.072949,0.0,0.0,0.0,0.63965,0.8887,0.12295,0.079756,0.0,0.0,0.0,0.0,1.2523,0.0,0.55038,0.0,0.0,2.0495,0.31808,5.5359
FOLH1B,3.8939,4.9162,2.2005,1.8184,-1.0797,-0.039644,-2.1314,-1.7005,-3.7852,2.0869,-1.4076,0.93178,-1.4711,-2.5354,1.9772,-2.6484,3.3812,4.9765,0.178,-1.5413,4.6965,-2.2499,-1.9464,1.6911,5.0846,2.8573,-1.3456,0.58724,1.5992,-2.7608,0.66694,-0.19696,-0.17323,-1.3884,3.199,-1.8115,-0.81666,0.32556,-1.9445,-2.1615,-2.6609,1.0212,3.8607,-1.6625,-1.6124,-1.6382,-0.90387,-0.25403,-2.5772,-1.6064,4.8164,-0.29975,-3.0891,-2.6215,-1.2114,-2.7061,-0.81812,1.759,4.8408,5.0892,2.1566,1.9546,1.0331,0.70546,-2.3029,-1.256,-1.5854,2.963,-1.7741,0.21228,-1.4062,0.2826,-2.3034,-1.9456,0.69014,-2.397,-1.9401,2.4831,1.6718,0.54193,-0.72038,-1.6725,-0.064177,-0.53352,2.2732,1.9825,-2.2289,-2.0158,0.71047,-0.60031,3.3517,-1.3494,-1.5125,2.3415,2.5324,2.1411,3.477,-0.31985,0.62275,1.9946,-1.8696,3.8038,-0.93046,2.0625
GSTA5,-2.3927,-1.0608,-3.6638,-0.53012,-6.1241,1.7597,-0.020319,-1.1034,-6.5666,0.72769,-1.2414,0.52206,-1.3544,1.2877,0.52644,-0.19154,2.1563,-2.3457,1.7104,0.40171,0.87876,0.36197,-0.36948,-0.84398,-1.7542,-0.62308,-1.2576,-0.8594,0.50584,0.090302,-0.81817,0.48423,0.56621,-0.14828,0.55346,1.3328,-1.3412,0.42224,0.43907,0.43363,0.0096283,0.55866,1.0517,0.49165,-0.48766,-0.34446,-0.5837,-1.409,-1.2697,-4.7594,-2.5573,0.041628,-6.9536,1.2334,0.0017838,-0.63211,2.2994,0.35298,-4.4411,-2.6812,0.55899,-0.45376,1.3615,0.43504,-0.13923,-0.90148,-1.689,1.0604,-0.012417,-1.993,1.1318,-0.45566,1.2537,-1.0907,-1.8501,1.0679,-0.63019,2.3404,0.54625,-0.30789,0.15681,-0.73675,0.63111,1.3705,-0.83713,0.0,1.6537,1.4862,-0.99778,-0.93507,0.32276,0.24813,-0.16126,1.0353,0.30978,0.45103,-0.90728,0.40501,-0.083496,0.20116,1.2104,-1.5923,-0.7785,1.4902
FDCSP,-1.6955,-2.032,-0.2665,-1.9993,-1.0258,2.2581,0.73754,1.1321,1.3509,-1.4078,1.4703,-0.65801,0.12357,-2.9387,-2.9122,0.51294,-1.6735,-1.3751,-4.1088,1.0741,-2.5755,1.4937,1.1412,1.1001,-4.1149,-0.86631,1.3256,-0.91758,3.299,-8.4626,0.26106,-3.1154,-4.8739,-1.5868,-2.4652,-9.2305,1.3778,-0.83091,-0.66566,2.9917,-1.8909,-2.0698,-7.6921,-2.1236,-0.045558,-0.096901,-0.48964,1.1018,1.1948,1.9169,-1.6453,-1.9885,-1.9427,-9.2305,-0.54031,0.24244,0.88577,-1.3091,-3.1916,-1.5082,-2.0182,1.1787,-3.4356,-5.1676,0.63422,0.82212,0.032979,-0.46729,-0.46242,0.38565,2.4611,1.3392,0.31843,0.53414,0.057654,2.4465,1.1862,-0.029922,2.6527,2.2205,-1.8283,-1.2255,-1.1968,-1.3249,-0.72632,-0.34517,-4.4612,-1.3166,1.0627,0.61085,-2.9986,0.31064,0.0027084,-2.1415,0.17089,0.31855,0.25218,-3.7349,-0.43563,-0.0027084,-4.1268,1.4763,1.1925,-1.7947
FADS6,-3.3167,-1.587,-4.4254,0.19963,-3.5966,-0.067517,0.56636,-1.4614,-5.1376,0.89578,-0.82791,-0.34669,-0.0076332,1.0873,0.65553,-0.15284,-0.87795,-0.07552,-0.20916,-0.75603,-0.40169,-0.58958,-0.40191,-0.18378,-1.5909,0.41516,-2.0734,-0.15999,-2.816,1.5722,-1.5646,0.54926,0.54034,0.20103,0.67118,1.4197,-1.8203,0.56314,0.23701,-0.24227,1.2244,0.61425,1.8256,-0.02283,-0.48755,0.61186,-0.10288,-0.073799,-0.81952,-4.018,-3.6325,0.61675,-4.8052,1.4686,0.22969,-0.13842,-0.41741,1.1735,-3.1039,-1.7138,0.3781,-0.25615,1.2221,0.50104,-0.2137,-1.4222,-1.2269,0.69388,-0.50847,-0.99756,0.20241,0.22339,-0.042833,-1.0287,-1.3347,-0.36954,-1.2142,1.0826,-0.26961,-0.64114,0.32027,0.87751,1.4296,0.34671,-0.48105,1.9697,1.4656,0.97594,-1.4507,-0.21122,0.71333,0.44092,0.88734,0.59631,0.20179,0.27935,-0.83697,0.87336,0.25438,0.67612,0.90756,-0.071405,-0.21754,0.65717
FLJ35424,-2.3131,0.72585,-6.1168,0.4341,-5.8308,0.26267,-0.013386,-1.1914,-5.5362,0.37332,-0.60844,0.76307,0.42365,-0.38376,1.7315,1.599,0.2246,-0.44835,2.4034,-6.7938,-0.20724,-2.0202,-0.51344,0.18518,-0.89992,-6.1578,-2.6255,-1.4388,-1.0364,0.7141,-2.9525,0.21482,1.137,1.1741,1.892,1.3759,-0.15935,0.70518,-0.27771,-2.7383,1.8518,-6.3166,1.8129,1.4447,1.2146,-6.194,-0.46235,-0.7322,-2.557,-4.2426,-0.62949,1.5592,-7.672,1.8469,-0.15867,-0.23883,-0.42292,0.96275,-1.1656,-0.082047,0.82666,-0.61038,0.59176,-1.1006,-1.1445,-1.4537,-1.593,1.2926,-0.34251,-1.3923,0.068984,-1.5455,1.9175,-0.16377,-0.75412,-6.318,-0.41508,-5.2006,0.77997,-0.3882,0.65908,0.44241,0.29744,1.2942,-0.60062,2.2929,2.631,2.0571,0.33266,-0.97003,-0.9264,1.2107,2.2678,-3.0187,1.2158,0.18749,0.54457,2.1106,0.49133,0.49213,1.1376,-0.30639,-0.61137,1.6586
SERPINA9,-1.1341,-2.8334,-1.2633,-3.3038,-1.5748,0.59587,1.0252,0.47025,0.06076,-5.738,0.5136,-2.7503,0.6294,-3.6155,-5.0662,1.5952,-2.735,-1.676,-5.738,2.4927,-4.1491,1.743,0.40442,1.1851,-3.4298,-1.1363,-0.47052,-0.36892,2.8696,-5.738,1.1885,-3.7255,-4.1887,-1.0477,-0.23436,-5.738,1.7696,0.56126,-0.55504,2.3314,-1.7148,-3.6456,-5.738,-0.75932,-0.85875,-0.95747,-0.3362,1.224,1.3285,-2.8139,-3.0192,-0.070947,-4.228,-5.738,-2.9028,0.50668,-0.33556,-1.7671,-3.1771,-0.016422,-1.0785,1.728,-2.265,-5.738,2.1521,2.3329,1.3117,-0.15886,-2.804,-0.063974,3.0175,2.3942,-0.32842,1.857,0.71253,3.0222,0.063973,-0.35967,2.3927,1.6661,-0.58629,-1.4465,0.42822,-2.314,-0.57755,0.44471,-3.6309,-2.0906,0.85964,0.56012,-3.615,2.2937,0.67799,-1.6011,1.7541,-0.06508,-0.16263,-3.5154,1.3592,1.2132,-2.972,1.4365,0.67266,-2.5596
FAM151A,-4.0348,-1.7681,-5.4146,-0.93406,-5.1748,0.13321,0.035538,-0.42682,-3.8988,-0.65978,-0.778,-1.2077,-1.5578,0.84731,0.23794,0.53628,0.17451,-2.0636,0.034966,-1.0763,-1.1099,-0.51425,0.57565,-0.22798,-2.8817,-0.73866,0.1095,-1.6577,-2.108,0.087386,0.092452,0.29108,0.69991,0.52594,0.99187,1.2751,-0.97386,0.28551,0.62823,1.8052,0.88737,-0.30514,1.3165,-0.27777,-0.17067,0.35329,-0.31656,-0.73967,-0.22012,-4.2066,-4.3943,-1.4171,-5.8021,1.1844,0.9604,0.75955,-0.47677,0.10653,-5.9314,-3.2006,-0.29141,0.058648,0.45088,1.3587,-0.027959,0.15043,-0.20083,0.6195,-0.11178,-1.2653,1.6256,1.0242,1.0881,-0.49609,0.10525,-0.23993,-0.69821,0.82218,-0.1006,0.52195,1.0071,-0.24078,0.5002,-0.76994,-0.67805,-0.11503,0.73715,0.97033,-1.6096,-0.13109,0.084356,0.9495,0.07626,0.36963,-2.2626,-1.0644,-1.6777,-1.248,-0.95103,-0.26795,0.95881,-1.1943,-0.19941,1.1007
CLEC4D,2.2119,1.6821,3.4763,0.46748,4.7058,1.9887,-0.64471,0.90329,3.491,-0.23123,2.4763,2.1206,0.63519,-0.64471,1.349,-0.64471,0.35828,1.4513,1.477,0.81846,1.5291,-0.64471,1.9872,0.38515,2.1489,0.45445,0.80342,1.2139,2.2904,-0.64471,1.4149,-0.64471,-0.64471,0.13292,-0.64471,-0.64471,0.56335,1.6476,0.63132,4.1363,-0.64471,-0.64471,-0.64471,0.85884,-0.64471,-0.26885,0.78742,1.8523,-0.64471,3.4682,5.802,2.2447,1.2803,-0.64471,-0.64471,-0.64471,2.1727,1.5637,2.7235,2.3764,1.8993,1.4535,-0.64471,0.91562,0.42248,-0.64471,1.6034,-0.64471,0.82978,2.3459,0.47773,-0.64471,1.1655,-0.64471,0.23469,-0.64471,0.42931,1.4117,2.6082,0.056628,0.64898,-0.44068,0.58272,0.45733,0.42824,1.8727,2.0473,-0.64471,1.8931,0.24399,-0.64471,1.435,-0.64471,-0.64471,-0.64471,0.40407,1.8706,-0.0070757,1.4906,-0.64471,-0.64471,-0.022866,1.2583,3.2341
HCAR2,2.0469,4.461,2.2355,0.95186,5.3426,2.6331,0.13073,0.059041,2.3221,0.78366,0.25021,1.4148,0.8458,0.66669,0.42899,1.1999,0.89512,1.3502,1.1451,1.0645,2.468,-0.31819,0.25274,-0.42593,2.7048,0.68644,-0.017883,-0.33417,-3.9152,1.0815,1.0704,-0.41729,3.1365,-1.5526,-0.25962,0.74363,-1.0633,-2.6229,0.36081,1.1173,0.65299,-1.1448,0.17771,0.89211,0.29657,-0.9544,0.60437,-0.17028,-1.6418,0.84538,4.4365,2.1892,2.2859,0.20136,-0.85771,-1.7003,1.4258,1.6622,1.6775,1.9472,1.6877,-0.33324,0.80197,-1.6179,-0.433,-0.71674,-2.6671,-0.0631,-0.79688,-0.62568,-1.0923,-0.014848,0.70236,-0.76992,-0.62227,-0.10175,1.2881,0.91374,1.0381,-0.83306,0.18582,1.5742,1.4415,1.9147,1.3277,0.22824,0.58417,-0.41061,-2.2611,-1.2192,0.015085,0.77924,-0.81166,-1.3052,-1.4943,-2.0591,1.1649,0.65315,1.9115,0.76449,0.060232,2.0902,0.82912,2.8778
MS4A10,-2.8267,-1.2545,-5.1666,0.16487,-6.1258,-0.69296,-0.2393,-1.4411,-6.3962,0.54228,-1.7913,0.066867,-1.0742,0.34578,0.19778,-0.61051,0.47162,-0.77996,1.5456,-1.0387,-0.53825,-1.3456,-0.36217,-0.365,-1.1933,-0.61437,-0.78608,-0.94118,-1.6945,0.034372,-0.60554,0.082532,-0.01932,-0.05727,0.10527,0.20024,-1.1887,0.80822,0.26854,0.1928,0.69407,0.20158,1.6664,0.37026,-0.44857,0.12905,-1.2737,-1.0285,-1.2287,-5.3759,-3.7277,-0.29394,-5.812,1.0162,0.011204,0.013253,-0.13181,0.16713,-4.9745,-1.4573,-0.12647,-0.82431,-0.25395,1.6128,-1.0248,-1.1712,-0.43519,0.71177,0.002697,-1.0032,0.36354,0.31252,0.66038,-0.093723,-1.1089,0.16883,-0.73716,0.95624,-0.84566,-0.65364,0.51563,0.56124,0.70472,0.018893,-1.4806,0.56447,0.79112,-0.025814,-1.2064,-0.78508,0.14735,0.096779,0.086794,0.40987,0.030947,-0.4309,-1.6078,0.20944,-0.38438,0.035309,0.69406,-0.57403,-1.3113,0.38945
CD300E,1.8506,4.8214,2.085,1.6822,2.4337,-0.32013,-0.52648,1.0539,3.6991,0.044917,1.627,0.81176,0.44185,-1.153,0.4187,-0.53263,-0.95053,0.94989,-0.83184,0.89431,2.2203,0.39558,0.16382,0.29873,2.3181,0.7306,0.9114,0.39563,0.98163,-0.27874,1.4846,-0.26294,-0.40429,-0.0059652,-1.9418,-1.4101,-0.38172,-0.076228,-1.2625,0.22101,-0.50078,0.34048,-2.9535,-0.05765,0.75577,-1.395,0.80054,0.0029211,-0.0020518,3.6999,4.9677,0.93589,2.0479,-1.0464,-1.2883,-0.62315,0.67128,-0.39406,2.7772,4.277,1.706,-0.40129,-1.0655,-0.65623,-0.88634,-0.74145,0.72757,-1.9594,0.9804,0.7766,-0.83108,-0.19999,-1.7283,-1.2412,-0.36101,0.40052,1.4424,-1.4821,-1.7006,1.2696,0.14752,1.0834,1.1808,0.95588,0.018603,1.4855,0.15355,-1.5078,-0.49202,0.1051,-0.83057,-1.2888,0.52201,0.052439,-0.99199,-0.31978,2.8097,-2.9535,-0.59579,-1.8826,-2.1875,2.2682,0.17191,2.8098
OTOP3,-3.7233,-4.2489,-4.1435,-0.59002,-4.2923,-1.8762,1.5495,-3.659,-4.5437,-1.8737,-1.3885,-2.3293,-3.3996,1.2062,1.2587,-1.8445,-1.5066,1.4857,0.19707,-1.3863,-0.046269,-4.7454,-3.1996,-0.40627,0.10584,1.7567,-1.4411,0.77438,-5.0945,-0.29543,0.057928,-0.21019,0.82765,1.1624,2.121,-1.6715,-2.5773,1.2767,-2.4035,-5.0945,-0.3451,-0.93178,3.0609,-0.92536,0.0012579,-1.4457,-2.6867,1.0552,-1.8211,-5.0246,-5.0945,-0.69779,-4.1695,-0.69427,-2.305,0.8638,-0.35489,-0.857,-5.0945,-0.57094,-0.81355,-0.34381,0.45568,1.4661,-0.56967,0.044718,-2.8464,-1.6863,-1.8127,-1.5715,0.46087,0.7686,-3.8693,-3.1192,-2.0426,-3.7405,-1.5611,-0.079634,-3.8417,-3.3343,1.706,1.9818,0.83389,-0.61676,-2.2142,0.66871,0.66559,1.7085,-0.53253,-1.1032,1.3134,-0.02928,0.091485,2.1296,-0.89116,1.6295,-0.5192,0.37498,-0.1845,0.31036,-0.32854,0.18951,-1.7765,-0.24715
LOC392364,-4.297,-0.34564,-4.6911,0.089323,-3.4349,-0.022819,0.69468,-0.43055,-4.6911,0.7509,-2.629,-1.8879,-0.62604,-0.41551,0.51732,0.71132,-1.6882,0.12908,-2.5695,-0.35117,-1.0799,-0.77726,-1.7962,0.49253,-0.19266,0.15934,-1.0241,0.52415,1.0596,1.511,-0.66513,0.60588,0.71054,0.035089,1.4004,1.8663,0.10364,0.56405,0.23795,-3.5166,0.62156,1.2082,1.3657,-0.20756,0.79355,1.4382,-0.99197,-0.80181,-0.9078,-4.6911,-2.9724,0.82787,-4.6911,1.6176,-0.05878,-0.24154,-0.39343,0.1775,-4.6911,-1.67,-0.92473,-0.20408,1.1818,0.67608,0.3579,-0.57218,-1.1249,0.62575,0.63883,-0.82352,-1.1627,0.28802,-1.8809,-0.2948,-0.19174,-0.13234,-1.1214,0.52658,-2.4239,0.021423,0.97707,0.80051,-0.08243,-0.78174,-1.6182,-4.5179,-0.12464,0.84091,-0.4824,-0.24051,1.1936,0.9632,1.1914,1.3153,-0.021423,0.97294,-0.99953,1.151,0.29303,1.7249,1.985,-0.36001,-0.56571,-1.9278
DUOXA2,7.8504,4.9431,7.1165,2.2348,7.8828,6.127,1.6839,-0.56862,8.6072,0.74797,6.2374,7.0391,4.8831,1.8059,4.0289,2.4965,0.22952,7.1028,2.742,-0.17061,8.2695,-0.90136,2.2601,0.54545,6.7355,4.3719,2.772,0.32913,3.5555,0.080194,4.1235,-0.5013,0.70544,-1.339,-0.10487,-0.91689,1.9176,-0.68425,-1.8995,5.451,-0.52222,1.2469,-1.5783,0.59481,0.27607,-1.8475,4.5913,2.319,-1.7501,4.32,10.0197,5.0826,8.9812,-1.7945,2.105,-0.34254,3.332,2.4791,9.3282,7.0644,5.1472,0.8884,-0.1819,-1.7262,-2.7016,-0.8002,0.52532,0.38009,-2.7016,-2.7016,-2.7016,-2.7016,-2.7016,1.472,2.8432,-2.7016,1.1251,0.73858,3.8233,3.2076,0.052854,-2.2081,0.45396,1.2078,0.67316,3.2527,1.7274,-2.7016,-2.5951,1.0492,1.5433,-1.0369,-0.84552,0.75702,-1.7401,-1.0678,4.6239,-2.5785,2.569,2.2097,-2.7016,4.0608,2.0967,6.8369
MUC5B,1.9525,3.2412,-0.27502,-0.23943,7.7174,5.7011,-1.2399,-2.2631,7.9159,-1.3976,-0.36809,6.1633,-1.6204,0.35407,-3.1393,0.74434,3.2363,0.092355,0.31062,-0.47341,0.58514,-1.877,-1.2369,3.8137,1.7602,1.0955,-2.8206,0.96973,0.70906,3.2697,2.0351,2.2169,2.9795,-1.7115,-0.098865,-0.1522,-2.0466,0.67767,-1.3126,-0.3146,-0.24284,-1.7015,-3.2727,-0.60706,-0.68673,3.4296,-0.79396,1.8635,-0.05223,-0.9046,0.71508,-1.4071,9.0123,0.266,-1.6048,2.3069,0.81374,-1.5735,0.9901,-0.78995,1.148,2.5081,1.4189,-0.51376,2.9096,0.58092,-0.041873,-0.35748,-0.75161,-1.3289,-3.6886,4.2031,-2.5858,-0.43878,-0.89661,0.44602,1.3074,3.9271,0.90125,1.6295,0.36626,-0.022062,1.5645,1.6129,-0.93075,0.6309,-0.38206,-2.9503,-1.949,3.7474,-2.1031,-1.7313,-0.62503,-1.8051,-1.2502,2.0033,1.7911,-0.51578,0.19876,-2.0621,-1.2377,1.9807,-0.68562,-1.3108
FCGR1C,3.5946,3.2987,3.6798,1.0204,2.4208,2.015,-0.24973,0.80983,3.7195,0.81053,0.25163,1.2114,0.56249,-0.17578,0.63888,-0.708,0.13358,0.4751,1.5153,0.037764,1.5757,0.3875,1.5033,0.069721,1.7018,0.59978,0.16346,0.38345,2.0422,0.066878,1.0151,-1.4012,-0.90514,-1.2362,0.41223,-1.6029,0.17515,0.90507,-0.96897,1.0003,-0.56411,1.418,-0.72338,0.24183,0.56304,-0.77039,0.28366,-0.72032,-0.60982,3.6352,4.3173,0.49275,2.8021,-0.65416,-0.68964,-0.30987,-0.71964,0.24252,1.7929,2.9365,1.8673,1.2725,-0.78875,-0.24197,-0.32007,-2.0273,0.46753,0.013367,-1.0324,0.64807,0.070166,0.025011,0.89427,-0.089952,0.90064,1.7647,1.635,-0.035435,0.84713,1.3059,-0.96804,-1.8878,-0.080104,0.23263,3.4034,0.51238,-0.83273,-2.5936,0.5217,0.5213,-0.13878,-0.65841,0.24622,0.1705,-0.39331,0.31061,1.8369,-0.53663,0.19554,-1.0377,-0.3242,1.3713,1.3043,2.1157
LOC100506115,3.8014,3.8907,3.1716,1.5958,4.1377,2.854,-0.48167,0.76857,5.0398,0.61078,2.6046,3.1664,1.1785,0.28416,-1.1014,-0.073694,1.4866,2.2088,2.0203,0.89233,3.1857,-0.75225,1.1801,0.34355,3.0009,1.9263,0.30413,-0.5647,-1.1014,0.68089,0.87509,0.50761,-0.13708,-0.38512,1.1057,-1.1014,1.1588,-1.1014,0.17468,3.2431,-1.1014,1.2492,-1.1014,1.0345,0.43801,-1.1014,-0.25418,1.7176,1.0518,3.2834,4.1708,1.7881,4.5737,-1.1014,-1.1014,0.11354,3.5069,2.29,3.6806,3.8881,2.6651,-1.1014,0.2017,-1.1014,0.7028,-1.1014,0.88374,0.47775,-1.1014,-1.1014,-0.97891,0.84482,-0.87609,-1.1014,0.28193,-1.1014,1.0567,-0.62995,2.1515,1.6589,-1.1014,0.68764,0.12608,0.54666,0.97159,3.2638,-1.1014,-0.2406,0.12811,-0.21266,0.021598,-0.021598,-0.085258,-1.0954,0.44514,-0.052572,1.9989,-1.1014,0.77095,0.96955,0.98079,2.039,-1.1014,4.2849
