Gene ID,Gene Symbol,iCD-1 vs Ctl Fold change >= 1.5 ,Log FC (iCD-1 vs Ctl),iCD-2 vs Ctl Fold change >= 1.5 ,Log FC (iCD-2 vs Ctl )
405753,DUOXA2,34.267,5.099,51.931,5.699
4314,MMP3,21.431,4.422,29.681,4.891
366,AQP9,21.243,4.409,32.809,5.036
3576,IL8,18.578,4.216,27.838,4.799
50506,DUOX2,15.849,3.986,19.216,4.264
5225,PGC,15.305,3.936,11.905,3.574
7130,TNFAIP6,14.449,3.853,11.673,3.545
6374,CXCL5,14.101,3.818,13.939,3.801
1116,CHI3L1,13.731,3.779,8.139,3.025
5008,OSM,13.279,3.731,16.396,4.035
3577,CXCR1,12.230,3.612,19.625,4.295
4319,MMP10,12.112,3.598,12.610,3.656
2358,FPR2,12.008,3.586,13.438,3.748
60675,PROK2,11.949,3.579,14.988,3.906
6279,S100A8,11.919,3.575,16.511,4.045
8843,HCAR3,11.614,3.538,18.832,4.235
1440,CSF3,11.137,3.477,11.745,3.554
4312,MMP1,10.643,3.412,16.105,4.009
6288,SAA1,10.373,3.375,8.217,3.039
54210,TREM1,10.256,3.358,10.675,3.416
6283,S100A12,9.616,3.265,14.973,3.904
3772,KCNJ15,9.374,3.229,7.557,2.918
3553,IL1B,9.353,3.225,10.337,3.370
2215,FCGR3B,9.151,3.194,11.932,3.577
6289,SAA2,8.992,3.169,10.051,3.329
92747,BPIFB1,8.986,3.168,4.212,2.075
11254,SLC6A14,8.976,3.166,11.641,3.541
6947,TCN1,8.607,3.106,9.115,3.188
342510,CD300E,8.489,3.086,7.362,2.880
6280,S100A9,8.432,3.076,11.501,3.524
1087,CEACAM7,8.298,3.053,9.358,3.226
100132417,FCGR1C,8.205,3.037,6.548,2.711
2219,FCN1,7.742,2.953,5.985,2.581
219595,FOLH1B,7.732,2.951,10.819,3.435
199675,C19orf59,7.465,2.900,9.542,3.254
100506115,LOC100506115,7.359,2.879,8.684,3.118
727897,MUC5B,7.270,2.862,4.898,2.292
4582,MUC1,7.231,2.854,10.961,3.454
8854,ALDH1A2,7.208,2.850,10.022,3.325
6401,SELE,7.190,2.846,5.660,2.501
116372,LYPD1,7.183,2.845,6.459,2.691
2357,FPR1,7.173,2.843,8.559,3.098
6373,CXCL11,6.980,2.803,5.082,2.345
2209,FCGR1A,6.974,2.802,7.349,2.878
2346,FOLH1,6.922,2.791,10.512,3.394
4316,MMP7,6.665,2.736,2.604,1.381
2210,FCGR1B,6.616,2.726,7.070,2.822
4283,CXCL9,6.579,2.718,4.741,2.245
6556,SLC11A1,6.521,2.705,9.477,3.244
2921,CXCL3,6.450,2.689,8.926,3.158
3290,HSD11B1,6.373,2.672,4.098,2.035
5969,REG1P,6.363,2.670,6.380,2.674
144423,GLT1D1,6.335,2.663,5.315,2.410
6372,CXCL6,6.255,2.645,5.310,2.409
2214,FCGR3A,6.145,2.619,7.485,2.904
8547,FCN3,6.086,2.606,7.288,2.866
338442,HCAR2,6.022,2.590,10.442,3.384
100133023,LOC100133023,5.869,2.553,5.580,2.480
23601,CLEC5A,5.771,2.529,7.689,2.943
10319,LAMC3,5.727,2.518,8.391,3.069
28877,IGKV3D-7,5.531,2.468,4.482,2.164
26253,CLEC4E,5.501,2.460,5.430,2.441
4778,NFE2,5.460,2.449,5.982,2.581
11199,ANXA10,5.442,2.444,5.360,2.422
57126,CD177,5.373,2.426,3.286,1.716
53831,GPR84,5.308,2.408,4.300,2.104
8685,MARCO,5.219,2.384,3.164,1.662
116,ADCYAP1,5.212,2.382,3.202,1.679
3569,IL6,5.161,2.368,4.088,2.031
2919,CXCL1,5.114,2.354,5.670,2.503
4586,MUC5AC,5.091,2.348,3.892,1.961
100652986,LOC100652986,5.071,2.342,3.942,1.979
1441,CSF3R,5.054,2.337,4.878,2.286
3934,LCN2,4.992,2.320,8.915,3.156
100132143,LOC100132143,4.990,2.319,4.963,2.311
25975,EGFL6,4.942,2.305,6.477,2.695
3557,IL1RN,4.901,2.293,6.627,2.728
4585,MUC4,4.875,2.285,5.776,2.530
22802,CLCA4,4.833,2.273,5.813,2.539
3627,CXCL10,4.820,2.269,5.283,2.401
3579,CXCR2,4.794,2.261,6.439,2.687
10537,UBD,4.779,2.257,2.730,1.449
338339,CLEC4D,4.773,2.255,6.847,2.776
2920,CXCL2,4.745,2.246,6.238,2.641
3552,IL1A,4.698,2.232,4.702,2.233
5054,SERPINE1,4.692,2.230,3.616,1.854
7022,TFAP2C,4.689,2.229,5.056,2.338
3580,CXCR2P1,4.689,2.229,3.509,1.811
93978,CLEC6A,4.650,2.217,4.410,2.141
11026,LILRA3,4.627,2.210,4.763,2.252
26579,MYEOV,4.621,2.208,5.248,2.392
8614,STC2,4.586,2.197,3.060,1.614
6348,CCL3,4.565,2.191,4.728,2.241
90226,UCN2,4.541,2.183,5.935,2.569
3624,INHBA,4.511,2.173,5.847,2.548
9021,SOCS3,4.440,2.150,3.997,1.999
4588,MUC6,4.415,2.142,2.598,1.378
6507,SLC1A3,4.386,2.133,2.825,1.498
11027,LILRA2,4.362,2.125,3.317,1.730
5743,PTGS2,4.359,2.124,4.322,2.112
3598,IL13RA2,4.319,2.111,4.339,2.117
388255,IGHV3OR16-8,4.309,2.107,3.869,1.952
1594,CYP27B1,4.283,2.099,3.074,1.620
28882,IGKV2D-29,4.254,2.089,4.121,2.043
760,CA2,4.232,2.082,3.171,1.665
115362,GBP5,4.155,2.055,3.798,1.925
3491,CYR61,4.154,2.055,2.688,1.427
759,CA1,4.145,2.051,3.723,1.896
3135,HLA-G,4.129,2.046,4.846,2.277
390714,LOC390714,4.108,2.038,3.722,1.896
28763,IGLVI-70,4.102,2.036,2.827,1.499
3872,KRT17,4.084,2.030,3.930,1.975
10321,CRISP3,4.084,2.030,3.240,1.696
2191,FAP,4.058,2.021,4.554,2.187
7980,TFPI2,3.985,1.995,6.014,2.588
3855,KRT7,3.919,1.970,2.698,1.432
146225,CMTM2,3.893,1.961,5.777,2.530
9076,CLDN1,3.846,1.943,2.703,1.434
6291,SAA4,3.837,1.940,3.425,1.776
6590,SLPI,3.820,1.933,5.268,2.397
57214,KIAA1199,3.807,1.929,2.977,1.574
51365,PLA1A,3.796,1.925,2.136,1.095
8061,FOSL1,3.791,1.923,4.656,2.219
4843,NOS2,3.785,1.920,5.631,2.493
400759,GBP1P1,3.718,1.894,3.514,1.813
100652818,LOC100652818,3.689,1.883,3.745,1.905
4322,MMP13,3.668,1.875,4.970,2.313
1048,CEACAM5,3.652,1.868,5.569,2.477
126014,OSCAR,3.649,1.867,2.967,1.569
79094,CHAC1,3.619,1.856,3.233,1.693
4973,OLR1,3.587,1.843,3.125,1.644
247,ALOX15B,3.587,1.843,3.670,1.876
94234,FOXQ1,3.535,1.822,3.710,1.891
115908,CTHRC1,3.519,1.815,2.862,1.517
50802.chr2.2,IGK@,3.502,1.808,3.118,1.641
1084,CEACAM3,3.492,1.804,4.047,2.017
4321,MMP12,3.478,1.798,2.706,1.436
131578,LRRC15,3.477,1.798,1.640,0.714
12,SERPINA3,3.430,1.778,1.801,0.849
145741,C2CD4A,3.426,1.777,4.973,2.314
414062,CCL3L3,3.419,1.774,4.235,2.082
23569,PADI4,3.414,1.772,2.901,1.537
725,C4BPB,3.395,1.763,3.946,1.981
25884,CHRDL2,3.378,1.756,1.828,0.870
8013,NR4A3,3.350,1.744,2.574,1.364
3101,HK3,3.347,1.743,3.085,1.625
126306,JSRP1,3.344,1.742,4.099,2.035
1294,COL7A1,3.344,1.742,4.148,2.052
8870,IER3,3.334,1.737,3.420,1.774
7850,IL1R2,3.284,1.716,3.878,1.955
6349,CCL3L1,3.283,1.715,3.996,1.999
118932,ANKRD22,3.264,1.707,3.427,1.777
7032,TFF2,3.262,1.706,3.721,1.896
3458,IFNG,3.207,1.681,3.637,1.863
4332,MNDA,3.178,1.668,2.755,1.462
54757,FAM20A,3.173,1.666,2.296,1.199
722,C4BPA,3.161,1.661,2.241,1.164
160728,SLC5A8,3.158,1.659,3.333,1.737
5329,PLAUR,3.152,1.656,3.497,1.806
100652743,LOC100652743,3.148,1.655,3.040,1.604
1089,CEACAM4,3.143,1.652,3.720,1.895
100291786,LOC100291786,3.119,1.641,3.013,1.591
9518,GDF15,3.117,1.640,2.909,1.541
51334,PRR16,3.114,1.639,3.455,1.789
4688,NCF2,3.112,1.638,2.539,1.344
7941,PLA2G7,3.105,1.635,2.176,1.122
50943,FOXP3,3.076,1.621,2.092,1.065
3535,IGL@,3.073,1.620,2.993,1.582
6347,CCL2,3.071,1.618,2.563,1.358
728,C5AR1,3.069,1.618,2.694,1.429
353514,LILRA5,3.031,1.600,4.272,2.095
387758,FIBIN,3.029,1.599,2.548,1.349
100132979,GOLGA8DP,3.017,1.593,2.589,1.373
100294406,LOC100294406,3.009,1.589,2.633,1.397
6274,S100A3,3.008,1.589,2.389,1.257
100419798,LOC100419798,2.988,1.579,2.877,1.525
3620,IDO1,2.979,1.575,2.970,1.570
1295,COL8A1,2.974,1.572,2.936,1.554
80307,FER1L4,2.968,1.570,2.634,1.397
50802.chr2.1,IGK@,2.962,1.566,3.013,1.591
5266,PI3,2.953,1.562,4.037,2.013
100287723,LOC100287723,2.951,1.561,1.796,0.845
10288,LILRB2,2.920,1.546,2.645,1.403
6781,STC1,2.918,1.545,2.800,1.485
2180,ACSL1,2.916,1.544,2.734,1.451
2619,GAS1,2.896,1.534,2.079,1.056
54860,MS4A12,2.889,1.531,1.912,0.935
6676,SPAG4,2.888,1.530,2.665,1.414
8942,KYNU,2.881,1.527,2.013,1.009
6484,ST3GAL4,2.881,1.527,1.970,0.978
10261,IGSF6,2.878,1.525,2.195,1.134
11025,LILRB3,2.870,1.521,3.427,1.777
2633,GBP1,2.868,1.520,3.051,1.609
54972,TMEM132A,2.866,1.519,2.671,1.417
10630,PDPN,2.859,1.516,2.493,1.318
6696,SPP1,2.852,1.512,2.420,1.275
6772,STAT1,2.848,1.510,2.576,1.365
64063,PRSS22,2.846,1.509,4.150,2.053
25907,TMEM158,2.842,1.507,2.979,1.575
54435,HCG4,2.840,1.506,1.688,0.756
168620,BHLHA15,2.836,1.504,2.684,1.424
56477,CCL28,2.811,1.491,2.587,1.372
316,AOX1,2.804,1.488,2.671,1.417
51311,TLR8,2.802,1.487,2.258,1.175
9982,FGFBP1,2.793,1.482,4.614,2.206
5968,REG1B,2.781,1.476,3.526,1.818
51050,PI15,2.779,1.475,2.961,1.566
9560,CCL4L1,2.750,1.459,3.353,1.746
51537,MTFP1,2.715,1.441,1.798,0.846
10158,PDZK1IP1,2.701,1.433,3.887,1.959
145864,HAPLN3,2.700,1.433,1.965,0.974
2865,FFAR3,2.697,1.431,2.287,1.194
3492,IGH@,2.695,1.430,2.981,1.576
100132941,LOC100132941,2.692,1.429,2.766,1.468
54102,CLIC6,2.691,1.428,2.250,1.170
388372,CCL4L2,2.682,1.424,3.370,1.753
2212,FCGR2A,2.678,1.421,3.383,1.758
7447,VSNL1,2.675,1.420,2.572,1.363
7453,WARS,2.675,1.419,2.593,1.374
80380,PDCD1LG2,2.672,1.418,1.798,0.846
8840,WISP1,2.672,1.418,2.097,1.068
2354,FOSB,2.660,1.412,2.799,1.485
5918,RARRES1,2.657,1.410,2.845,1.509
100289290,LOC100289290,2.649,1.406,2.614,1.386
2352,FOLR3,2.647,1.405,2.932,1.552
3099,HK2,2.634,1.397,3.489,1.803
5341,PLEK,2.627,1.393,2.168,1.116
117581,TWIST2,2.621,1.390,1.940,0.956
6999,TDO2,2.619,1.389,1.677,0.746
51237,MZB1,2.613,1.386,2.440,1.287
2867,FFAR2,2.611,1.385,3.727,1.898
8490.chr1.1,RGS5,2.606,1.382,2.235,1.160
51208,CLDN18,2.596,1.377,3.204,1.680
7291,TWIST1,2.586,1.371,2.686,1.425
3589,IL11,2.585,1.370,3.550,1.828
79168,LILRA6,2.580,1.368,3.307,1.726
9507,ADAMTS4,2.579,1.367,2.471,1.305
11040,PIM2,2.578,1.366,1.981,0.986
7474,WNT5A,2.576,1.365,3.171,1.665
53905,DUOX1,2.572,1.363,2.330,1.220
1673,DEFB4A,2.565,1.359,2.379,1.250
249,ALPL,2.562,1.357,2.776,1.473
3138,HLA-K,2.561,1.357,2.039,1.028
63910,SLC17A9,2.561,1.357,1.761,0.816
54209,TREM2,2.558,1.355,2.307,1.206
11006,LILRB4,2.557,1.354,1.803,0.851
9420,CYP7B1,2.538,1.343,1.783,0.834
5197,PF4V1,2.534,1.342,3.701,1.888
29887,SNX10,2.530,1.339,1.981,0.986
1959,EGR2,2.529,1.338,1.600,0.678
8140,SLC7A5,2.517,1.332,1.904,0.929
160364,CLEC12A,2.509,1.327,2.733,1.451
1437,CSF2,2.509,1.327,2.932,1.552
3543,IGLL1,2.497,1.320,2.492,1.317
3488,IGFBP5,2.496,1.320,2.531,1.340
6423,SFRP2,2.494,1.318,1.747,0.805
64332,NFKBIZ,2.492,1.317,2.552,1.352
5744,PTHLH,2.491,1.317,1.789,0.839
64127,NOD2,2.484,1.312,2.216,1.148
6648,SOD2,2.476,1.308,2.637,1.399
116844,LRG1,2.473,1.306,3.402,1.766
838,CASP5,2.472,1.306,2.806,1.489
1958,EGR1,2.472,1.306,2.237,1.162
1513,CTSK,2.471,1.305,1.873,0.905
84951,TNS4,2.465,1.302,2.922,1.547
4023,LPL,2.462,1.300,2.268,1.181
5836,PYGL,2.449,1.292,2.376,1.249
6351,CCL4,2.445,1.290,2.866,1.519
8993,PGLYRP1,2.444,1.289,2.186,1.128
7124,TNF,2.442,1.288,1.507,0.591
283358,B4GALNT3,2.439,1.286,2.041,1.029
113730,KLHDC7B,2.432,1.282,1.866,0.900
10135,NAMPT,2.432,1.282,2.685,1.425
1604,CD55,2.429,1.280,2.467,1.303
91319,DERL3,2.425,1.278,2.067,1.048
8038,ADAM12,2.421,1.276,1.650,0.722
374897,SBSN,2.392,1.258,2.825,1.498
5328,PLAU,2.391,1.257,2.627,1.393
3426,CFI,2.390,1.257,2.340,1.227
25825,BACE2,2.388,1.256,2.379,1.250
140876,FAM65C,2.382,1.252,2.296,1.199
29126,CD274,2.380,1.251,2.601,1.379
586,BCAT1,2.376,1.249,2.018,1.013
3759,KCNJ2,2.371,1.246,2.557,1.355
3240,HP,2.370,1.245,2.027,1.019
200315,APOBEC3A,2.368,1.244,3.177,1.668
7127,TNFAIP2,2.366,1.243,1.753,0.810
24147,FJX1,2.364,1.241,2.077,1.054
401884,MGC57346,2.355,1.236,1.861,0.896
255738,PCSK9,2.354,1.235,2.823,1.497
4188,MDFI,2.353,1.235,1.883,0.913
7097,TLR2,2.348,1.231,2.192,1.133
29992,PILRA,2.346,1.230,2.148,1.103
222487,GPR97,2.341,1.227,2.897,1.534
8532,CPZ,2.340,1.226,1.780,0.832
2268,FGR,2.336,1.224,1.834,0.875
79689,STEAP4,2.332,1.221,3.114,1.639
8794,TNFRSF10C,2.327,1.218,2.819,1.495
9509,ADAMTS2,2.326,1.218,2.682,1.423
8581,LY6D,2.326,1.218,2.685,1.425
2182,ACSL4,2.324,1.217,2.152,1.106
941,CD80,2.323,1.216,1.714,0.777
768,CA9,2.319,1.213,2.969,1.570
3383,ICAM1,2.311,1.208,2.140,1.098
4222,MEOX1,2.302,1.203,1.840,0.880
27180,SIGLEC9,2.294,1.198,2.165,1.114
80149,ZC3H12A,2.287,1.194,2.030,1.022
27074,LAMP3,2.287,1.193,1.678,0.747
4837,NNMT,2.286,1.193,2.284,1.191
7076,TIMP1,2.283,1.191,2.272,1.184
26872,STEAP1,2.281,1.190,2.602,1.380
8638,OASL,2.275,1.186,2.518,1.332
255809,C19orf38,2.260,1.176,2.258,1.175
115361,GBP4,2.260,1.176,2.195,1.134
8291,DYSF,2.258,1.175,2.370,1.245
441168,FAM26F,2.252,1.171,2.278,1.188
3687,ITGAX,2.246,1.167,1.525,0.609
6403,SELP,2.245,1.167,1.815,0.860
6338,SCNN1B,2.240,1.164,1.910,0.934
375387,LRRC33,2.234,1.160,1.544,0.627
338557,O3FAR1,2.226,1.154,3.278,1.713
952,CD38,2.223,1.152,1.518,0.602
9945,GFPT2,2.217,1.148,1.853,0.890
4680,CEACAM6,2.215,1.147,3.054,1.611
283422,C12orf36,2.214,1.147,1.688,0.755
1009,CDH11,2.212,1.146,1.566,0.647
27289,RND1,2.211,1.145,2.526,1.337
51083,GAL,2.205,1.141,2.037,1.027
54959,ODAM,2.205,1.141,1.947,0.962
133,ADM,2.203,1.139,3.191,1.674
3310,HSPA6,2.202,1.139,2.541,1.345
27286,SRPX2,2.200,1.137,2.690,1.428
54546,RNF186,2.199,1.137,2.176,1.122
29842,TFCP2L1,2.197,1.136,2.163,1.113
938,CD24P4,2.193,1.133,1.793,0.843
57823,SLAMF7,2.191,1.132,2.092,1.065
9997,SCO2,2.190,1.131,2.251,1.171
374,AREG,2.188,1.129,2.658,1.410
57722,IGDCC4,2.187,1.129,1.584,0.664
30817,EMR2,2.187,1.129,2.198,1.136
2252,FGF7,2.181,1.125,1.890,0.918
341,APOC1,2.174,1.120,1.967,0.976
5142,PDE4B,2.172,1.119,1.910,0.934
9023,CH25H,2.161,1.112,1.926,0.946
7099,TLR4,2.160,1.111,1.572,0.653
1493,CTLA4,2.159,1.111,1.644,0.717
219285,SAMD9L,2.158,1.110,1.793,0.842
5831,PYCR1,2.155,1.108,2.696,1.431
2207,FCER1G,2.153,1.106,2.092,1.065
120892,LRRK2,2.153,1.106,1.635,0.709
6615,SNAI1,2.151,1.105,3.646,1.866
136,ADORA2B,2.151,1.105,2.372,1.246
94031,HTRA3,2.150,1.104,2.619,1.389
1755,DMBT1,2.150,1.104,3.700,1.888
81030,ZBP1,2.150,1.104,2.084,1.059
5552,SRGN,2.147,1.103,1.905,0.930
50486,G0S2,2.143,1.099,2.160,1.111
50616,IL22,2.142,1.099,2.295,1.199
8877,SPHK1,2.142,1.099,2.044,1.031
7450,VWF,2.139,1.097,2.472,1.305
9103,FCGR2C,2.138,1.097,2.050,1.036
9586,CREB5,2.138,1.097,2.085,1.060
27319,BHLHE22,2.138,1.096,1.812,0.857
645784,ANKRD36BP2,2.135,1.094,1.728,0.789
81567,TXNDC5,2.132,1.093,2.216,1.148
6422,SFRP1,2.130,1.091,2.278,1.188
7293,TNFRSF4,2.129,1.090,1.870,0.903
9516,LITAF,2.124,1.087,1.905,0.930
64116,SLC39A8,2.122,1.085,2.221,1.151
10410,IFITM3,2.119,1.083,2.267,1.181
79931,TNIP3,2.116,1.081,2.048,1.034
80781,COL18A1,2.115,1.081,2.257,1.174
5967,REG1A,2.114,1.080,2.541,1.346
3992,FADS1,2.110,1.077,1.700,0.766
7058,THBS2,2.108,1.076,1.897,0.924
84658,EMR3,2.107,1.075,1.700,0.765
116071,BATF2,2.107,1.075,2.667,1.415
10637,LEFTY1,2.102,1.072,1.797,0.846
647187,IGHV3OR16-6,2.101,1.071,2.125,1.087
728588,MS4A18,2.099,1.070,2.524,1.336
597,BCL2A1,2.098,1.069,1.721,0.783
1909,EDNRA,2.098,1.069,2.158,1.110
55332,DRAM1,2.091,1.064,1.700,0.765
3764,KCNJ8,2.090,1.063,1.632,0.706
124220,ZG16B,2.089,1.063,2.711,1.439
114990,VASN,2.088,1.062,1.847,0.885
125111,GJD3,2.087,1.062,1.681,0.749
81831,NETO2,2.085,1.060,1.726,0.788
1439,CSF2RB,2.081,1.058,1.503,0.588
29968,PSAT1,2.080,1.057,1.824,0.867
100130776,LOC100130776,2.076,1.054,1.828,0.870
1051,CEBPB,2.074,1.052,2.405,1.266
51303,FKBP11,2.072,1.051,2.052,1.037
8651,SOCS1,2.071,1.050,2.006,1.004
84752,B3GNT9,2.066,1.047,1.584,0.664
641311,RPL31P11,2.066,1.047,1.572,0.653
9473,C1orf38,2.064,1.046,1.749,0.806
5027,P2RX7,2.062,1.044,1.524,0.608
7052,TGM2,2.062,1.044,2.033,1.023
3512,IGJ,2.061,1.043,2.320,1.214
56833,SLAMF8,2.060,1.043,1.854,0.890
84166,NLRC5,2.060,1.043,1.604,0.681
1178,CLC,2.058,1.041,2.035,1.025
375061,FAM89A,2.056,1.040,1.551,0.633
84141,FAM176A,2.054,1.038,2.069,1.049
25797,QPCT,2.054,1.038,1.800,0.848
2769,GNA15,2.051,1.037,2.285,1.192
54345,SOX18,2.051,1.036,1.755,0.811
50509,COL5A3,2.044,1.031,1.903,0.929
10581,IFITM2,2.043,1.031,2.069,1.049
51056,LAP3,2.042,1.030,1.818,0.862
100289462,DEFB4B,2.042,1.030,1.888,0.917
150365,MEI1,2.039,1.028,1.789,0.839
144195,SLC2A14,2.038,1.027,1.893,0.920
26509,MYOF,2.036,1.026,1.975,0.982
6515,SLC2A3,2.024,1.017,1.884,0.914
56938,ARNTL2,2.018,1.013,1.630,0.705
143458,LDLRAD3,2.014,1.010,1.528,0.612
64856,VWA1,2.003,1.002,2.030,1.021
8875,VNN2,2.001,1.001,1.572,0.652
9173,IL1RL1,2.001,1.000,1.535,0.618
406991,MIR21,2.000,1.000,2.306,1.205
3116,HLA-DPB2,1.999,0.999,1.579,0.659
6282,S100A11,1.998,0.999,2.048,1.034
720,C4A,1.995,0.997,1.711,0.775
8676,STX11,1.994,0.996,1.950,0.963
3091,HIF1A,1.993,0.995,1.828,0.870
4929,NR4A2,1.991,0.994,1.754,0.811
80019,UBTD1,1.989,0.992,1.888,0.917
4481,MSR1,1.986,0.990,1.942,0.957
1846,DUSP4,1.986,0.990,1.905,0.929
7070,THY1,1.980,0.985,1.545,0.628
3311,HSPA7,1.979,0.985,1.629,0.704
3559,IL2RA,1.979,0.985,1.704,0.769
942,CD86,1.975,0.982,1.635,0.710
79772,MCTP1,1.975,0.982,1.698,0.764
100533107,RTEL1-TNFRSF6B,1.974,0.981,1.801,0.848
2828,GPR4,1.972,0.979,2.401,1.263
5648,MASP1,1.969,0.977,2.072,1.051
54900,LAX1,1.967,0.976,1.642,0.716
8767,RIPK2,1.965,0.975,1.617,0.693
5209,PFKFB3,1.961,0.972,1.972,0.980
23643,LY96,1.958,0.970,1.751,0.809
80114,BICC1,1.954,0.966,1.582,0.662
4295,MLN,1.952,0.965,2.943,1.557
467,ATF3,1.949,0.963,2.172,1.119
1382,CRABP2,1.948,0.962,2.376,1.249
80896,NPL,1.944,0.959,1.570,0.650
80833,APOL3,1.943,0.958,1.759,0.815
51148,CERCAM,1.941,0.957,1.791,0.841
721,C4B,1.939,0.955,1.662,0.733
7037,TFRC,1.936,0.953,2.180,1.124
348,APOE,1.936,0.953,1.806,0.853
23764,MAFF,1.935,0.952,2.358,1.238
3678,ITGA5,1.934,0.952,1.872,0.904
283710,LOC283710,1.934,0.951,1.740,0.799
9510,ADAMTS1,1.930,0.949,1.767,0.821
92610,TIFA,1.929,0.948,1.589,0.668
192134,B3GNT6,1.926,0.945,2.353,1.234
23657,SLC7A11,1.924,0.944,2.209,1.143
1514,CTSL1,1.923,0.944,1.700,0.765
1282,COL4A1,1.923,0.943,2.118,1.083
2826,CCR10,1.922,0.943,1.950,0.964
6890,TAP1,1.921,0.942,2.006,1.004
929,CD14,1.920,0.941,2.118,1.083
1520,CTSS,1.918,0.940,1.773,0.826
4897,NRCAM,1.918,0.940,1.567,0.648
284340,CXCL17,1.912,0.935,1.616,0.693
3662,IRF4,1.912,0.935,1.711,0.775
64123,ELTD1,1.911,0.934,1.746,0.804
5739,PTGIR,1.910,0.933,1.714,0.777
1230,CCR1,1.904,0.929,1.862,0.897
56265,CPXM1,1.900,0.926,2.158,1.110
3929,LBP,1.899,0.925,1.999,0.999
4069,LYZ,1.898,0.924,1.885,0.915
8503,PIK3R3,1.898,0.924,1.815,0.860
10797,MTHFD2,1.896,0.923,1.656,0.728
629,CFB,1.896,0.923,2.357,1.237
6688,SPI1,1.896,0.923,1.644,0.717
710,SERPING1,1.895,0.923,1.764,0.819
9536,PTGES,1.895,0.922,1.887,0.916
8784,TNFRSF18,1.894,0.922,1.698,0.763
150372,NFAM1,1.893,0.920,1.750,0.807
132720,C4orf32,1.890,0.918,1.534,0.617
2122,MECOM,1.887,0.916,1.615,0.692
3137,HLA-J,1.881,0.911,1.844,0.883
1462,VCAN,1.879,0.910,2.272,1.184
6286,S100P,1.878,0.909,3.285,1.716
717,C2,1.877,0.908,2.205,1.141
84935,C13orf33,1.876,0.908,1.769,0.823
3490,IGFBP7,1.875,0.907,1.551,0.633
54873,PALMD,1.875,0.907,1.578,0.658
4060,LUM,1.874,0.906,1.679,0.747
9388,LIPG,1.873,0.905,1.776,0.829
493869,GPX8,1.872,0.904,1.903,0.929
2766,GMPR,1.871,0.904,1.596,0.674
11237,RNF24,1.870,0.903,1.743,0.802
57168,ASPHD2,1.868,0.901,1.837,0.877
9732,DOCK4,1.866,0.900,1.915,0.937
56603,CYP26B1,1.866,0.900,1.695,0.762
64407,RGS18,1.865,0.899,1.553,0.635
26056,RAB11FIP5,1.865,0.899,1.713,0.776
89927,C16orf45,1.865,0.899,1.606,0.683
415116,PIM3,1.862,0.897,1.742,0.801
2015,EMR1,1.860,0.896,1.550,0.632
9934,P2RY14,1.858,0.894,1.544,0.627
713,C1QB,1.855,0.891,1.947,0.961
1839,HBEGF,1.855,0.891,2.437,1.285
64838,FNDC4,1.851,0.888,1.730,0.790
729230,CCR2,1.849,0.887,1.805,0.852
5163,PDK1,1.847,0.885,1.762,0.818
4313,MMP2,1.846,0.885,2.137,1.096
7494,XBP1,1.845,0.884,2.054,1.039
541471,LOC541471,1.844,0.883,1.983,0.988
8519,IFITM1,1.843,0.882,1.948,0.962
22822,PHLDA1,1.842,0.881,2.100,1.070
3485,IGFBP2,1.840,0.880,2.069,1.049
10008,KCNE3,1.838,0.878,2.011,1.008
8781,PSPHP1,1.834,0.875,3.012,1.591
55959,SULF2,1.833,0.874,1.664,0.735
2695,GIP,1.833,0.874,1.530,0.614
6324,SCN1B,1.833,0.874,2.134,1.093
60681,FKBP10,1.831,0.873,1.733,0.793
5737,PTGFR,1.831,0.873,1.514,0.598
50856,CLEC4A,1.829,0.871,1.677,0.746
7321,UBE2D1,1.828,0.871,1.599,0.677
4854,NOTCH3,1.827,0.869,1.630,0.705
10866,HCP5,1.825,0.868,1.643,0.716
6029,RN7SL1,1.824,0.867,2.216,1.148
84034,EMILIN2,1.823,0.866,2.004,1.003
162466,PHOSPHO1,1.821,0.865,1.583,0.663
2151,F2RL2,1.820,0.864,2.328,1.219
10964,IFI44L,1.820,0.864,1.607,0.684
135112,NCOA7,1.820,0.864,1.717,0.780
1490,CTGF,1.819,0.863,1.540,0.623
2752,GLUL,1.817,0.862,1.883,0.913
26524,LATS2,1.817,0.862,1.627,0.702
100132403,FAM157B,1.817,0.862,2.098,1.069
94,ACVRL1,1.817,0.861,1.728,0.790
7262,PHLDA2,1.815,0.860,2.382,1.252
608,TNFRSF17,1.815,0.860,1.879,0.910
3067,HDC,1.813,0.859,1.529,0.612
57091,CASS4,1.813,0.859,1.565,0.646
5296,PIK3R2,1.813,0.858,1.792,0.842
64386,MMP25,1.812,0.858,1.860,0.896
7305,TYROBP,1.809,0.855,1.942,0.958
3055,HCK,1.809,0.855,1.612,0.689
11031,RAB31,1.809,0.855,1.788,0.838
145788,FLJ27352,1.808,0.854,1.651,0.723
1277,COL1A1,1.808,0.854,2.176,1.122
150094,SIK1,1.807,0.854,1.660,0.731
11213,IRAK3,1.806,0.853,1.774,0.827
10993,SDS,1.806,0.852,1.956,0.968
22915,MMRN1,1.802,0.849,1.638,0.712
342,APOC1P1,1.801,0.849,1.565,0.646
100419583,LOC100419583,1.801,0.848,1.775,0.827
25903,OLFML2B,1.797,0.846,1.546,0.629
10631,POSTN,1.793,0.842,1.756,0.813
3937,LCP2,1.790,0.840,1.509,0.593
7162,TPBG,1.789,0.839,1.693,0.759
9332,CD163,1.787,0.837,1.963,0.973
285590,SH3PXD2B,1.784,0.835,1.839,0.879
3139,HLA-L,1.779,0.831,1.915,0.937
1281,COL3A1,1.779,0.831,2.071,1.051
9630,GNA14,1.778,0.830,1.626,0.702
64581,CLEC7A,1.773,0.826,1.827,0.869
54498,SMOX,1.772,0.825,1.623,0.699
80150,ASRGL1,1.771,0.825,1.699,0.765
4982,TNFRSF11B,1.769,0.823,1.688,0.755
388646,GBP7,1.768,0.822,1.503,0.588
874,CBR3,1.767,0.822,2.143,1.100
8741,TNFSF13,1.767,0.821,1.929,0.948
26471,NUPR1,1.765,0.820,1.521,0.605
80854,SETD7,1.762,0.817,1.595,0.674
10871,CD300C,1.760,0.815,1.833,0.874
10417,SPON2,1.757,0.813,1.950,0.964
306,ANXA3,1.757,0.813,1.822,0.866
54596,L1TD1,1.756,0.812,2.003,1.002
7057,THBS1,1.754,0.811,1.575,0.655
51186,WBP5,1.753,0.810,1.649,0.722
729737,LOC729737,1.751,0.808,1.546,0.629
1290,COL5A2,1.750,0.807,1.935,0.952
731424,LOC731424,1.749,0.806,2.236,1.161
11156,PTP4A3,1.748,0.805,1.923,0.943
53829,P2RY13,1.745,0.803,1.539,0.622
147495,APCDD1,1.740,0.799,1.881,0.911
5358,PLS3,1.737,0.796,1.514,0.599
10561,IFI44,1.734,0.794,1.532,0.615
22795,NID2,1.733,0.793,1.669,0.739
2697,GJA1,1.732,0.793,1.737,0.797
4323,MMP14,1.732,0.792,1.705,0.770
3601,IL15RA,1.732,0.792,1.877,0.908
25878,MXRA5,1.729,0.790,2.024,1.017
7044,LEFTY2,1.729,0.790,1.503,0.588
30001,ERO1L,1.729,0.790,1.710,0.774
8516,ITGA8,1.727,0.788,1.568,0.649
378706,RN7SL2,1.727,0.788,2.165,1.115
388077,IGHV1OR15-1,1.727,0.788,1.659,0.730
55790,CSGALNACT1,1.726,0.788,1.505,0.589
22936,ELL2,1.724,0.786,1.881,0.911
6355,CCL8,1.722,0.784,2.791,1.481
92745,SLC38A5,1.715,0.778,1.887,0.916
5724,PTAFR,1.713,0.776,1.871,0.903
3717,JAK2,1.711,0.775,1.506,0.591
6196,RPS6KA2,1.711,0.775,1.832,0.874
84734,FAM167B,1.710,0.774,1.743,0.802
11098,PRSS23,1.709,0.773,1.693,0.759
3554,IL1R1,1.708,0.772,1.516,0.601
55858,TMEM165,1.707,0.771,1.607,0.684
9046,DOK2,1.706,0.771,1.575,0.655
55118,CRTAC1,1.705,0.770,1.559,0.640
80832,APOL4,1.704,0.769,1.786,0.837
8836,GGH,1.702,0.767,1.533,0.616
10326,SIRPB1,1.701,0.766,1.541,0.624
64778,FNDC3B,1.698,0.764,1.795,0.844
23452,ANGPTL2,1.697,0.763,1.880,0.911
54507,ADAMTSL4,1.697,0.763,1.763,0.818
197257,LDHD,1.696,0.762,1.622,0.698
401492,FLJ41200,1.694,0.760,2.230,1.157
2696,GIPR,1.693,0.760,1.547,0.630
9180,OSMR,1.692,0.759,1.518,0.602
5284,PIGR,1.692,0.758,2.563,1.358
54827,FAM55D,1.689,0.756,1.607,0.685
112597,LINC00152,1.687,0.755,2.191,1.132
10268,RAMP3,1.686,0.753,1.602,0.680
23430,TPSD1,1.678,0.747,1.955,0.967
84868,HAVCR2,1.677,0.746,1.503,0.588
440067,LOC440067,1.676,0.745,1.607,0.684
25801,GCA,1.676,0.745,1.512,0.596
10406,WFDC2,1.674,0.744,2.329,1.220
11314,CD300A,1.672,0.741,1.652,0.724
6346,CCL1,1.671,0.740,1.782,0.834
5359,PLSCR1,1.670,0.740,1.615,0.692
78999,LRFN4,1.666,0.736,1.821,0.865
344558.chr2.1,SH3RF3,1.666,0.736,1.549,0.632
54855,FAM46C,1.664,0.734,1.784,0.835
9246,UBE2L6,1.662,0.733,1.628,0.703
308,ANXA5,1.661,0.732,1.589,0.668
684,BST2,1.659,0.731,1.621,0.697
9957,HS3ST1,1.659,0.730,1.523,0.607
715.chr12.2,C1R,1.659,0.730,1.568,0.649
4017,LOXL2,1.658,0.729,1.929,0.948
6356,CCL11,1.657,0.729,1.745,0.803
22904,SBNO2,1.657,0.729,1.608,0.685
83666,PARP9,1.655,0.726,1.672,0.742
1890,TYMP,1.654,0.726,2.123,1.086
116535,MRGPRF,1.650,0.723,1.560,0.641
4210,MEFV,1.650,0.722,2.105,1.074
6031,RN7SL5P,1.647,0.720,2.050,1.036
65987,KCTD14,1.647,0.720,1.539,0.622
81706,PPP1R14C,1.646,0.719,1.816,0.861
1306,COL15A1,1.640,0.713,1.972,0.979
197259,MLKL,1.637,0.711,1.579,0.659
3726,JUNB,1.637,0.711,1.913,0.936
714,C1QC,1.637,0.711,1.604,0.682
9050,PSTPIP2,1.636,0.710,1.733,0.793
57085,AGTRAP,1.635,0.710,1.668,0.738
58484,NLRC4,1.634,0.708,1.716,0.779
8542,APOL1,1.634,0.708,1.745,0.803
388125,C2CD4B,1.634,0.708,2.305,1.205
2770,GNAI1,1.632,0.706,1.555,0.637
54869,EPS8L1,1.631,0.705,1.970,0.978
28231,SLCO4A1,1.628,0.703,1.588,0.667
22996,TTC39A,1.628,0.703,1.975,0.982
112609,MRAP2,1.628,0.703,1.797,0.845
2353,FOS,1.626,0.701,2.308,1.206
5175,PECAM1,1.625,0.701,1.673,0.742
1848,DUSP6,1.625,0.700,1.750,0.807
5919,RARRES2,1.623,0.699,1.567,0.648
762,CA4,1.622,0.698,2.646,1.404
3659,IRF1,1.621,0.697,1.873,0.905
639,PRDM1,1.620,0.696,1.819,0.863
2615,LRRC32,1.618,0.695,1.717,0.779
10170,DHRS9,1.618,0.694,1.867,0.901
7940,LST1,1.618,0.694,1.535,0.618
3134,HLA-F,1.618,0.694,1.634,0.708
83643,CCDC3,1.617,0.693,1.645,0.718
80381,CD276,1.616,0.692,1.779,0.831
8692,HYAL2,1.615,0.692,1.621,0.697
5228,PGF,1.614,0.691,1.817,0.862
54,ACP5,1.611,0.688,1.544,0.627
8828,NRP2,1.610,0.687,1.528,0.612
494143,CHAC2,1.608,0.686,1.581,0.661
4061,LY6E,1.608,0.685,1.562,0.643
5754,PTK7,1.608,0.685,1.547,0.629
10203,CALCRL,1.604,0.682,1.525,0.608
26270,FBXO6,1.604,0.682,1.729,0.790
23120,ATP10B,1.604,0.682,1.742,0.801
5159,PDGFRB,1.602,0.680,1.602,0.680
55062,WIPI1,1.596,0.675,1.871,0.904
8807,IL18RAP,1.595,0.674,1.599,0.677
56892,C8orf4,1.595,0.673,1.638,0.712
54206,ERRFI1,1.592,0.670,1.901,0.927
2359,FPR3,1.590,0.669,1.612,0.689
9672,SDC3,1.589,0.669,1.534,0.617
771,CA12,1.589,0.668,1.789,0.839
399972,FLJ39051,1.588,0.667,1.504,0.588
1293,COL6A3,1.588,0.667,1.793,0.842
10205,MPZL2,1.587,0.667,1.669,0.739
54538,ROBO4,1.583,0.662,1.553,0.635
10549,PRDX4,1.582,0.662,1.851,0.888
399844,FLJ45445,1.580,0.660,1.715,0.779
7205,TRIP6,1.579,0.659,1.591,0.670
388,RHOB,1.579,0.659,1.611,0.688
9531,BAG3,1.578,0.658,1.593,0.672
440361,LOC440361,1.574,0.654,1.708,0.772
51280,GOLM1,1.570,0.651,1.527,0.610
7171,TPM4,1.567,0.648,1.504,0.589
834,CASP1,1.565,0.646,1.655,0.727
388743,CAPN8,1.565,0.646,2.138,1.097
85358,SHANK3,1.564,0.645,1.605,0.683
92162,TMEM88,1.563,0.644,1.659,0.730
861,RUNX1,1.562,0.643,1.537,0.620
2022,ENG,1.558,0.640,1.665,0.735
1893,ECM1,1.557,0.639,1.627,0.702
84706,GPT2,1.555,0.637,1.551,0.633
100506714,LOC100506714,1.555,0.637,1.687,0.755
6364,CCL20,1.555,0.637,1.533,0.617
813,CALU,1.551,0.633,1.537,0.620
641700.chr5.2,ECSCR,1.551,0.633,1.585,0.665
126364,LRRC25,1.550,0.632,1.620,0.696
5371,PML,1.549,0.632,1.557,0.639
9902,MRC2,1.549,0.631,1.559,0.641
51450,PRRX2,1.545,0.628,1.502,0.587
116159,CYYR1,1.545,0.627,1.532,0.615
115727,RASGRP4,1.543,0.626,1.798,0.847
56521,DNAJC12,1.543,0.626,1.910,0.934
1508,CTSB,1.542,0.624,1.675,0.744
3045,HBD,1.539,0.622,2.216,1.148
6916,TBXAS1,1.539,0.622,1.611,0.688
2199,FBLN2,1.537,0.620,1.571,0.652
23767,FLRT3,1.537,0.620,1.751,0.808
3791,KDR,1.537,0.620,1.592,0.671
719,C3AR1,1.536,0.619,1.568,0.649
2532,DARC,1.536,0.619,1.506,0.591
1278,COL1A2,1.535,0.619,1.858,0.894
3037,HAS2,1.534,0.618,1.514,0.599
11167,FSTL1,1.533,0.616,1.581,0.661
27122,DKK3,1.533,0.616,1.613,0.690
146722,CD300LF,1.530,0.613,1.609,0.686
51285,RASL12,1.529,0.612,1.787,0.838
407008,MIR223,1.528,0.612,1.504,0.589
5954,RCN1,1.528,0.612,1.660,0.731
84225,ZMYND15,1.528,0.612,1.684,0.752
219654,ZCCHC24,1.525,0.608,1.533,0.616
637,BID,1.523,0.607,1.533,0.616
51554,CCRL1,1.520,0.604,1.787,0.837
85360,SYDE1,1.516,0.600,1.547,0.629
79644,SRD5A3,1.514,0.599,1.775,0.828
6386,SDCBP,1.512,0.597,1.571,0.651
7837,PXDN,1.512,0.596,1.839,0.879
5155,PDGFB,1.512,0.596,1.808,0.855
4542,MYO1F,1.512,0.596,1.503,0.588
6812,STXBP1,1.511,0.595,1.543,0.625
10791,VAMP5,1.510,0.594,1.726,0.788
140766,ADAMTS14,1.509,0.594,1.757,0.813
118430,MUCL1,1.508,0.593,1.732,0.793
200058,FLJ23867,1.508,0.592,1.977,0.983
55509,BATF3,1.506,0.591,1.628,0.703
10501,SEMA6B,1.503,0.588,1.867,0.901
196996,GRAMD2,1.503,0.588,2.205,1.141
147912,SIX5,1.502,0.587,1.547,0.629
54996,02-Mar,-1.506,-0.590,-1.611,-0.688
925,CD8A,-1.510,-0.595,-1.613,-0.689
387882,C12orf75,-1.523,-0.607,-1.643,-0.716
117155,CATSPER2,-1.525,-0.609,-1.535,-0.619
10194,TSHZ1,-1.528,-0.612,-1.707,-0.771
55449,C14orf167,-1.531,-0.614,-1.549,-0.632
100528032,KLRC4-KLRK1,-1.531,-0.614,-1.503,-0.588
5801,PTPRR,-1.546,-0.628,-1.530,-0.613
56660,KCNK12,-1.546,-0.628,-2.866,-1.519
23245,ASTN2,-1.549,-0.632,-1.554,-0.636
9651,PLCH2,-1.551,-0.633,-2.263,-1.178
391634,HSP90AB2P,-1.552,-0.634,-1.502,-0.587
260436,FDCSP,-1.552,-0.634,-4.048,-2.017
4603,MYBL1,-1.552,-0.635,-1.962,-0.972
55737,VPS35,-1.556,-0.638,-1.501,-0.586
79840,NHEJ1,-1.557,-0.639,-1.504,-0.589
64388,GREM2,-1.559,-0.640,-2.120,-1.084
83953,FCAMR,-1.574,-0.654,-3.345,-1.742
9037,SEMA5A,-1.583,-0.663,-1.524,-0.608
389015,SLC9A4,-1.586,-0.665,-1.521,-0.605
8938,BAIAP3,-1.591,-0.670,-1.653,-0.725
4969,OGN,-1.591,-0.670,-1.934,-0.952
7857,SCG2,-1.596,-0.674,-1.594,-0.672
11223,MST1P9,-1.597,-0.675,-1.545,-0.627
28966,SNX24,-1.601,-0.679,-1.513,-0.598
100188947,LOC100188947,-1.608,-0.685,-1.532,-0.616
57565,KLHL14,-1.610,-0.687,-2.238,-1.162
89866,SEC16B,-1.614,-0.691,-1.515,-0.599
114814,GNRHR2,-1.618,-0.694,-1.777,-0.830
255043,TMEM86B,-1.620,-0.696,-1.603,-0.681
948,CD36,-1.621,-0.697,-1.554,-0.636
27163,NAAA,-1.628,-0.703,-1.588,-0.668
6783,SULT1E1,-1.631,-0.706,-1.502,-0.587
26012,NELF,-1.639,-0.713,-1.501,-0.585
10,NAT2,-1.649,-0.722,-1.600,-0.678
49855,SCAPER,-1.655,-0.726,-1.730,-0.791
80237,ELL3,-1.655,-0.727,-1.871,-0.904
8549,LGR5,-1.658,-0.729,-2.171,-1.119
2886,GRB7,-1.659,-0.730,-1.570,-0.651
5244,ABCB4,-1.671,-0.741,-1.824,-0.867
2984,GUCY2C,-1.676,-0.745,-1.522,-0.606
2250,FGF5,-1.685,-0.753,-1.601,-0.679
5618,PRLR,-1.686,-0.754,-1.591,-0.670
113220,KIF12,-1.687,-0.754,-1.576,-0.657
4145,MATK,-1.695,-0.761,-1.708,-0.772
25791,NGEF,-1.701,-0.767,-1.616,-0.693
3321,IGSF3,-1.704,-0.769,-1.570,-0.651
4880,NPPC,-1.705,-0.769,-3.147,-1.654
2053,EPHX2,-1.709,-0.773,-1.648,-0.720
4248,MGAT3,-1.710,-0.774,-1.573,-0.654
5217,PFN2,-1.711,-0.775,-1.658,-0.730
729993,SHISA9,-1.711,-0.775,-1.663,-0.734
6097,RORC,-1.722,-0.784,-1.518,-0.602
283869,NPW,-1.722,-0.784,-1.583,-0.662
157285,SGK223,-1.724,-0.786,-1.630,-0.705
1815,DRD4,-1.724,-0.786,-1.576,-0.657
6549,SLC9A2,-1.729,-0.790,-2.007,-1.005
8825,LIN7A,-1.734,-0.795,-1.547,-0.630
400954,EML6,-1.736,-0.795,-2.607,-1.382
2651,GCNT2,-1.736,-0.796,-1.550,-0.633
55349,CHDH,-1.738,-0.798,-1.679,-0.748
63827,BCAN,-1.747,-0.805,-1.992,-0.994
2329,FMO4,-1.748,-0.806,-1.519,-0.604
22925,PLA2R1,-1.749,-0.807,-1.545,-0.628
284076,TTLL6,-1.755,-0.811,-1.845,-0.884
64081,PBLD,-1.761,-0.816,-1.673,-0.742
256691,MAMDC2,-1.762,-0.817,-1.738,-0.798
114131,UCN3,-1.763,-0.818,-1.589,-0.669
5264,PHYH,-1.763,-0.818,-1.569,-0.650
79849,PDZD3,-1.766,-0.820,-1.775,-0.828
57643,ZSWIM5,-1.768,-0.822,-1.852,-0.889
126295,ZNF57,-1.771,-0.825,-1.600,-0.678
23475,QPRT,-1.776,-0.828,-1.546,-0.629
3760,KCNJ3,-1.777,-0.829,-1.706,-0.771
440362,HERC2P4,-1.778,-0.830,-1.662,-0.733
10803,CCR9,-1.782,-0.834,-2.301,-1.202
645367,GGT8P,-1.783,-0.834,-1.627,-0.702
140738,TMEM37,-1.784,-0.835,-1.575,-0.655
5959,RDH5,-1.786,-0.837,-1.530,-0.613
2065,ERBB3,-1.790,-0.840,-1.534,-0.618
53354,PANK1,-1.792,-0.842,-1.547,-0.630
79589,RNF128,-1.793,-0.842,-1.767,-0.821
154043,CNKSR3,-1.796,-0.845,-1.650,-0.723
80168,MOGAT2,-1.799,-0.847,-1.663,-0.734
8556,CDC14A,-1.800,-0.848,-1.667,-0.737
3174,HNF4G,-1.808,-0.854,-1.746,-0.804
29974,A1CF,-1.808,-0.854,-1.712,-0.775
10500,SEMA6C,-1.810,-0.856,-1.582,-0.662
10317,B3GALT5,-1.810,-0.856,-1.777,-0.829
283537,SLC46A3,-1.813,-0.858,-1.691,-0.758
761,CA3,-1.813,-0.858,-1.602,-0.680
392465,GLOD5,-1.813,-0.858,-1.503,-0.588
1628,DBP,-1.817,-0.862,-1.529,-0.612
1491,CTH,-1.818,-0.862,-1.561,-0.643
79623,GALNT14,-1.824,-0.867,-1.538,-0.621
57224,NHSL1,-1.825,-0.868,-1.529,-0.613
83417,FCRL4,-1.829,-0.871,-3.944,-1.980
79783,C7orf10,-1.830,-0.872,-1.669,-0.739
8431,NR0B2,-1.831,-0.873,-1.580,-0.660
2628,GATM,-1.833,-0.874,-2.019,-1.013
51170,HSD17B11,-1.834,-0.875,-1.553,-0.635
55437,STRADB,-1.839,-0.879,-1.662,-0.733
6414,SEPP1,-1.840,-0.879,-1.705,-0.770
11001,SLC27A2,-1.841,-0.881,-1.536,-0.620
9056,SLC7A7,-1.843,-0.882,-1.566,-0.647
2786,GNG4,-1.844,-0.883,-1.762,-0.817
91464,ISX,-1.845,-0.884,-1.615,-0.692
54884,RETSAT,-1.849,-0.887,-1.612,-0.689
358,AQP1,-1.856,-0.892,-1.786,-0.837
80117,ARL14,-1.856,-0.893,-1.787,-0.838
56920,SEMA3G,-1.858,-0.894,-1.638,-0.712
55512,SMPD3,-1.858,-0.894,-1.660,-0.731
5164,PDK2,-1.860,-0.895,-1.739,-0.798
1528,CYB5A,-1.861,-0.896,-1.577,-0.657
26238,C6orf123,-1.868,-0.901,-1.643,-0.717
5125,PCSK5,-1.872,-0.905,-1.613,-0.690
84189,SLITRK6,-1.875,-0.907,-1.601,-0.679
150000,ABCC13,-1.876,-0.907,-1.528,-0.612
4888,NPY6R,-1.877,-0.909,-1.847,-0.885
1030,CDKN2B,-1.879,-0.910,-1.688,-0.755
9721,GPRIN2,-1.886,-0.915,-1.625,-0.701
3755,KCNG1,-1.894,-0.922,-1.736,-0.796
5166,PDK4,-1.895,-0.922,-1.557,-0.639
642946,FLVCR1-AS1,-1.895,-0.922,-1.818,-0.862
159371,SLC35G1,-1.903,-0.928,-1.672,-0.742
51678,MPP6,-1.906,-0.931,-1.707,-0.771
5106,PCK2,-1.911,-0.934,-1.586,-0.665
6751,SSTR1,-1.912,-0.935,-1.782,-0.834
123,PLIN2,-1.913,-0.936,-1.584,-0.664
1510,CTSE,-1.921,-0.942,-2.143,-1.100
79875,THSD4,-1.921,-0.942,-2.033,-1.024
58480,RHOU,-1.922,-0.943,-1.580,-0.660
8324,FZD7,-1.924,-0.944,-2.099,-1.070
55065,GPR172B,-1.925,-0.945,-1.562,-0.643
54762,GRAMD1C,-1.929,-0.948,-1.933,-0.951
148534,TMEM56,-1.930,-0.948,-1.668,-0.738
57406,ABHD6,-1.931,-0.950,-1.778,-0.831
100129722,LOC100129722,-1.931,-0.950,-1.820,-0.864
100129792,CCDC152,-1.934,-0.952,-1.522,-0.606
283460,HNF1A-AS1,-1.937,-0.954,-1.657,-0.729
222389,BEND7,-1.938,-0.955,-1.684,-0.752
1373,CPS1,-1.941,-0.957,-1.674,-0.743
51635,DHRS7,-1.944,-0.959,-1.587,-0.667
1564,CYP2D7P1,-1.951,-0.964,-1.868,-0.901
5037,PEBP1,-1.954,-0.967,-1.565,-0.646
27283,TINAG,-1.957,-0.969,-1.655,-0.726
283177,LOC283177,-1.959,-0.970,-1.736,-0.796
50865,HEBP1,-1.962,-0.973,-1.639,-0.712
79008,SLX1B,-1.964,-0.974,-1.525,-0.609
7433,VIPR1,-1.968,-0.977,-1.717,-0.780
84293,C10orf58,-1.969,-0.977,-1.673,-0.743
84457,PHYHIPL,-1.970,-0.978,-1.653,-0.725
389434,IYD,-1.974,-0.981,-1.937,-0.954
360,AQP3,-1.975,-0.982,-1.658,-0.730
8786,RGS11,-1.975,-0.982,-1.688,-0.756
2168,FABP1,-1.978,-0.984,-1.590,-0.669
54566,EPB41L4B,-1.980,-0.985,-1.713,-0.776
54621,VSIG10,-1.991,-0.993,-1.754,-0.811
23552,CDK20,-1.996,-0.997,-2.243,-1.166
2678,GGT1,-1.996,-0.997,-1.606,-0.683
4094,MAF,-1.998,-0.999,-1.788,-0.838
651,BMP3,-2.000,-1.000,-1.881,-0.911
6003,RGS13,-2.005,-1.004,-3.898,-1.963
445329,SULT1A4,-2.008,-1.006,-2.115,-1.080
23563,CHST5,-2.009,-1.007,-1.543,-0.625
100506436,SPAG5-AS1,-2.014,-1.010,-2.036,-1.026
112483,SAT2,-2.015,-1.011,-1.648,-0.721
23302,WSCD1,-2.017,-1.012,-1.799,-0.847
119385,AGAP11,-2.028,-1.020,-2.040,-1.029
91614,DEPDC7,-2.029,-1.021,-1.766,-0.821
1428,CRYM,-2.030,-1.021,-1.795,-0.844
95,ACY1,-2.031,-1.022,-1.526,-0.610
8309,ACOX2,-2.031,-1.022,-1.893,-0.920
957,ENTPD5,-2.032,-1.023,-1.746,-0.804
2125,EVPL,-2.032,-1.023,-1.743,-0.801
9625,AATK,-2.032,-1.023,-1.621,-0.697
388335,TMEM220,-2.033,-1.024,-1.628,-0.703
5009,OTC,-2.035,-1.025,-1.636,-0.710
222171,PRR15,-2.038,-1.027,-1.574,-0.654
670,BPHL,-2.040,-1.028,-1.672,-0.741
201651,LOC201651,-2.040,-1.029,-1.995,-0.997
79762,C1orf115,-2.042,-1.030,-1.658,-0.729
170392,OIT3,-2.050,-1.036,-1.784,-0.835
2261,FGFR3,-2.053,-1.038,-1.602,-0.680
24146,CLDN15,-2.065,-1.046,-1.628,-0.703
79901,CYBRD1,-2.065,-1.046,-1.851,-0.888
162417,NAGS,-2.070,-1.050,-1.627,-0.702
9368,SLC9A3R1,-2.071,-1.051,-1.503,-0.588
2679,GGT3P,-2.072,-1.051,-1.747,-0.805
926,CD8B,-2.080,-1.057,-2.008,-1.006
92086,GGTLC1,-2.082,-1.058,-1.654,-0.726
5210,PFKFB4,-2.089,-1.063,-1.693,-0.760
733,C8G,-2.093,-1.066,-1.504,-0.589
84866,TMEM25,-2.110,-1.077,-2.007,-1.005
730222,LOC730222,-2.119,-1.084,-1.880,-0.911
23221,RHOBTB2,-2.122,-1.086,-1.952,-0.965
374977,HEATR8,-2.126,-1.088,-1.979,-0.985
81621,KAZALD1,-2.126,-1.088,-1.781,-0.833
130,ADH6,-2.138,-1.096,-1.639,-0.713
206358,SLC36A1,-2.138,-1.097,-1.584,-0.663
2813,GP2,-2.139,-1.097,-2.762,-1.466
10050,SLC17A4,-2.140,-1.098,-2.189,-1.130
57379,AICDA,-2.140,-1.098,-2.879,-1.526
246181,AKR7L,-2.141,-1.098,-1.566,-0.647
6948,TCN2,-2.146,-1.101,-1.608,-0.685
4753,NELL2,-2.147,-1.103,-2.615,-1.387
6584,SLC22A5,-2.148,-1.103,-1.780,-0.832
116039,OSR2,-2.161,-1.111,-1.691,-0.758
134548,SOWAHA,-2.161,-1.111,-1.799,-0.848
2159,F10,-2.164,-1.114,-1.962,-0.972
56624,ASAH2,-2.170,-1.118,-3.761,-1.911
79831,JMJD5,-2.174,-1.120,-1.869,-0.902
130120,REG3G,-2.176,-1.122,-2.201,-1.138
134147,CMBL,-2.178,-1.123,-2.023,-1.017
3957,LGALS2,-2.179,-1.123,-1.791,-0.840
26007,DAK,-2.182,-1.126,-1.570,-0.650
5020,OXT,-2.183,-1.127,-1.550,-0.632
1687,DFNA5,-2.189,-1.131,-1.652,-0.724
4489,MT1A,-2.192,-1.133,-1.638,-0.712
200931,OSTalpha,-2.209,-1.144,-1.583,-0.662
27124,INPP5J,-2.210,-1.144,-1.829,-0.871
1811,SLC26A3,-2.210,-1.144,-1.998,-0.998
50489,CD207,-2.212,-1.145,-2.478,-1.309
29850,TRPM5,-2.213,-1.146,-2.355,-1.236
7429,VIL1,-2.213,-1.146,-1.697,-0.763
1308,COL17A1,-2.219,-1.150,-1.609,-0.686
11126,CD160,-2.220,-1.151,-1.994,-0.996
1180,CLCN1,-2.230,-1.157,-1.793,-0.842
2205,FCER1A,-2.230,-1.157,-1.938,-0.955
1644,DDC,-2.233,-1.159,-2.018,-1.013
64241,ABCG8,-2.239,-1.163,-1.653,-0.725
1559,CYP2C9,-2.240,-1.164,-2.114,-1.080
100505908,LOC100505908,-2.246,-1.167,-2.007,-1.005
79154,DHRS11,-2.247,-1.168,-1.799,-0.847
4495,MT1G,-2.247,-1.168,-1.622,-0.697
1412,CRYBA2,-2.251,-1.171,-1.509,-0.594
283375,SLC39A5,-2.251,-1.171,-1.814,-0.859
91227,GGTLC2,-2.255,-1.173,-1.639,-0.713
79908,BTNL8,-2.260,-1.177,-1.603,-0.681
643382,C14orf176,-2.266,-1.180,-1.604,-0.682
80221,ACSF2,-2.270,-1.183,-1.870,-0.903
196410,METTL7B,-2.285,-1.192,-1.536,-0.619
55200,PLEKHG6,-2.285,-1.192,-1.744,-0.803
85477,SCIN,-2.292,-1.196,-2.354,-1.235
23035,PHLPP2,-2.293,-1.197,-1.890,-0.918
8694,DGAT1,-2.301,-1.203,-1.545,-0.628
644844,PHGR1,-2.302,-1.203,-1.683,-0.751
873,CBR1,-2.306,-1.206,-1.567,-0.648
10568,SLC34A2,-2.311,-1.208,-1.963,-0.973
340895,C10orf112,-2.316,-1.211,-2.106,-1.074
392636,AGMO,-2.320,-1.214,-2.163,-1.113
4147,MATN2,-2.321,-1.215,-2.014,-1.010
63928,CHP2,-2.321,-1.215,-2.011,-1.008
51301,GCNT4,-2.323,-1.216,-2.376,-1.249
100129583,FAM47E,-2.325,-1.217,-2.669,-1.417
7380,UPK3A,-2.329,-1.220,-1.774,-0.827
1558,CYP2C8,-2.334,-1.223,-2.170,-1.118
84647,PLA2G12B,-2.344,-1.229,-1.892,-0.920
196446,C12orf28,-2.349,-1.232,-1.585,-0.664
100533990,APOC4-APOC2,-2.360,-1.239,-1.953,-0.966
57733,GBA3,-2.363,-1.240,-2.053,-1.038
290,ANPEP,-2.373,-1.246,-1.651,-0.723
5184,PEPD,-2.392,-1.258,-1.867,-0.900
266675,BEST4,-2.392,-1.258,-2.135,-1.094
92291,CAPN13,-2.393,-1.259,-2.112,-1.079
284723,SLC25A34,-2.395,-1.260,-1.871,-0.904
83715,ESPN,-2.400,-1.263,-1.671,-0.741
2330,FMO5,-2.401,-1.264,-2.283,-1.191
6799,SULT1A2,-2.406,-1.267,-1.626,-0.701
441282,AKR1B15,-2.407,-1.267,-1.886,-0.915
79861,TUBAL3,-2.413,-1.271,-1.866,-0.900
84281,C2orf88,-2.421,-1.276,-2.019,-1.014
220963,SLC16A9,-2.427,-1.279,-2.584,-1.369
4942,OAT,-2.435,-1.284,-2.213,-1.146
1557,CYP2C19,-2.439,-1.286,-2.246,-1.167
6505,SLC1A1,-2.442,-1.288,-2.060,-1.042
2819,GPD1,-2.443,-1.289,-1.818,-0.862
5169,ENPP3,-2.446,-1.291,-1.858,-0.894
4128,MAOA,-2.449,-1.292,-1.851,-0.889
1908,EDN3,-2.471,-1.305,-2.026,-1.018
26,ABP1,-2.471,-1.305,-1.811,-0.857
3818,KLKB1,-2.479,-1.310,-2.225,-1.154
248,ALPI,-2.480,-1.310,-2.166,-1.115
129807,NEU4,-2.482,-1.312,-2.049,-1.035
2169,FABP2,-2.487,-1.314,-2.125,-1.088
80704,SLC19A3,-2.491,-1.317,-2.225,-1.154
148709,LOC148709,-2.492,-1.317,-2.224,-1.153
1577,CYP3A5,-2.496,-1.320,-2.028,-1.020
9615,GDA,-2.497,-1.320,-1.949,-0.962
123264,OSTBETA,-2.497,-1.320,-1.715,-0.778
284948,SH2D6,-2.500,-1.322,-3.550,-1.828
6518,SLC2A5,-2.503,-1.324,-1.767,-0.821
123099,DEGS2,-2.515,-1.331,-1.660,-0.731
29785,CYP2S1,-2.526,-1.337,-1.856,-0.892
3294,HSD17B2,-2.526,-1.337,-1.968,-0.977
2203,FBP1,-2.532,-1.340,-2.038,-1.027
79799,UGT2A3,-2.534,-1.341,-2.716,-1.442
29948,OSGIN1,-2.545,-1.348,-1.632,-0.706
79148,MMP28,-2.546,-1.348,-1.959,-0.970
312,ANXA13,-2.548,-1.349,-2.255,-1.173
124872,B4GALNT2,-2.558,-1.355,-2.466,-1.302
1124,CHN2,-2.565,-1.359,-2.284,-1.192
6583,SLC22A4,-2.575,-1.365,-1.655,-0.727
1259,CNGA1,-2.579,-1.367,-2.275,-1.186
22949,PTGR1,-2.601,-1.379,-2.022,-1.016
1565,CYP2D6,-2.607,-1.383,-2.231,-1.158
55630,SLC39A4,-2.620,-1.389,-1.822,-0.865
284099,C17orf78,-2.629,-1.394,-2.184,-1.127
10351,ABCA8,-2.640,-1.401,-2.107,-1.075
51085,MLXIPL,-2.647,-1.404,-2.098,-1.069
4640,MYO1A,-2.647,-1.404,-1.838,-0.878
79258,MMEL1,-2.658,-1.410,-2.999,-1.584
4224,MEP1A,-2.662,-1.413,-2.200,-1.138
5376,PMP22,-2.668,-1.416,-1.770,-0.824
1139,CHRNA7,-2.670,-1.417,-2.043,-1.030
401081,FLJ22763,-2.671,-1.417,-2.131,-1.092
125931,CEACAM20,-2.680,-1.422,-2.241,-1.164
64284,RAB17,-2.681,-1.423,-1.976,-0.983
64714,PDIA2,-2.682,-1.423,-1.988,-0.991
443,ASPA,-2.689,-1.427,-2.373,-1.247
63924,CIDEC,-2.692,-1.429,-1.976,-0.982
66002,CYP4F12,-2.703,-1.434,-1.823,-0.866
55937,APOM,-2.703,-1.435,-1.881,-0.911
29984,RHOD,-2.712,-1.440,-1.558,-0.640
229,ALDOB,-2.719,-1.443,-2.237,-1.162
100507334,LOC100507334,-2.719,-1.443,-2.165,-1.115
4547,MTTP,-2.729,-1.448,-2.227,-1.155
29953,TRHDE,-2.735,-1.452,-3.274,-1.711
1907,EDN2,-2.736,-1.452,-2.057,-1.040
4494,MT1F,-2.741,-1.455,-1.907,-0.931
113278,C20orf54,-2.745,-1.457,-1.676,-0.745
51066,C3orf32,-2.753,-1.461,-2.455,-1.295
54852,PAQR5,-2.778,-1.474,-2.567,-1.360
1381,CRABP1,-2.784,-1.477,-2.212,-1.145
5948,RBP2,-2.805,-1.488,-2.172,-1.119
79955,PDZD7,-2.812,-1.492,-1.894,-0.922
1803,DPP4,-2.816,-1.494,-2.052,-1.037
28982,FLVCR1,-2.836,-1.504,-2.236,-1.161
54825,CDHR2,-2.841,-1.507,-2.000,-1.000
3814,KISS1,-2.846,-1.509,-1.760,-0.816
142683,ITLN2,-2.862,-1.517,-1.757,-0.813
6519,SLC3A1,-2.863,-1.517,-2.320,-1.214
440034,DKFZp686K1684,-2.863,-1.518,-1.772,-0.825
127845,GOLT1A,-2.867,-1.519,-1.885,-0.914
6476,SI,-2.869,-1.520,-2.394,-1.260
100170765,C19orf69,-2.870,-1.521,-2.172,-1.119
230,ALDOC,-2.876,-1.524,-2.236,-1.161
6523,SLC5A1,-2.877,-1.525,-1.770,-0.824
5243,ABCB1,-2.877,-1.525,-2.522,-1.335
116842,LEAP2,-2.882,-1.527,-2.303,-1.204
8824,CES2,-2.884,-1.528,-2.000,-1.000
118738,ZNF488,-2.893,-1.533,-2.359,-1.238
7364,UGT2B7,-2.930,-1.551,-2.460,-1.299
100505633,LOC100505633,-2.934,-1.553,-1.928,-0.947
326343,MT1DP,-2.939,-1.555,-2.808,-1.489
3293,HSD17B3,-2.941,-1.556,-1.906,-0.931
8170,SLC14A2,-2.942,-1.557,-2.616,-1.387
387695,C10orf99,-2.948,-1.560,-2.564,-1.358
5593,PRKG2,-2.970,-1.571,-2.616,-1.387
766,CA7,-2.991,-1.580,-2.630,-1.395
64240,ABCG5,-3.007,-1.588,-2.119,-1.084
54576,UGT1A8,-3.010,-1.590,-3.740,-1.903
1573,CYP2J2,-3.026,-1.598,-2.711,-1.439
875,CBS,-3.038,-1.603,-2.442,-1.288
5408,PNLIPRP2,-3.040,-1.604,-4.126,-2.045
1600,DAB1,-3.044,-1.606,-2.230,-1.157
57016,AKR1B10,-3.062,-1.614,-1.901,-0.927
53841,CDHR5,-3.074,-1.620,-2.076,-1.054
1101,CHAD,-3.100,-1.632,-2.404,-1.266
1562,CYP2C18,-3.109,-1.636,-2.039,-1.028
4496,MT1H,-3.110,-1.637,-2.147,-1.102
6820,SULT2B1,-3.130,-1.646,-1.866,-0.900
728939,PDZK1P1,-3.139,-1.650,-2.770,-1.470
100133093,FAM25G,-3.146,-1.654,-2.487,-1.314
100034743,PDZK1P2,-3.146,-1.654,-2.772,-1.471
100132929,FAM25B,-3.146,-1.654,-2.487,-1.314
3158,HMGCS2,-3.149,-1.655,-4.976,-2.315
644054,FAM25C,-3.157,-1.658,-2.461,-1.299
118471,PRAP1,-3.160,-1.660,-2.033,-1.024
54716,SLC6A20,-3.195,-1.676,-1.894,-0.922
54979,HRASLS2,-3.215,-1.685,-1.979,-0.985
645745,MT1P2,-3.216,-1.685,-2.303,-1.204
162514,TRPV3,-3.224,-1.689,-2.756,-1.463
200010,SLC5A9,-3.226,-1.690,-2.704,-1.435
4051,CYP4F3,-3.230,-1.691,-2.248,-1.169
83661,MS4A8B,-3.235,-1.694,-2.519,-1.333
9099,USP2,-3.243,-1.698,-2.160,-1.111
3699,ITIH3,-3.258,-1.704,-6.042,-2.595
143941,TTC36,-3.261,-1.705,-1.957,-0.969
389812,LCN15,-3.267,-1.708,-2.781,-1.476
375719,AQP7P1,-3.285,-1.716,-2.628,-1.394
53345,TM6SF2,-3.316,-1.730,-2.341,-1.227
388364,TMIGD1,-3.320,-1.731,-2.667,-1.415
9514,GAL3ST1,-3.320,-1.731,-2.565,-1.359
3352,HTR1D,-3.321,-1.732,-2.340,-1.226
2940,GSTA3,-3.325,-1.733,-2.979,-1.575
140803,TRPM6,-3.334,-1.737,-2.612,-1.385
5174,PDZK1,-3.337,-1.739,-2.983,-1.577
4499,MT1M,-3.364,-1.750,-1.652,-0.724
2297,FOXD1,-3.366,-1.751,-3.948,-1.981
2028,ENPEP,-3.376,-1.755,-2.763,-1.466
100527949,GIMAP1-GIMAP5,-3.387,-1.760,-2.050,-1.035
364,AQP7,-3.396,-1.764,-2.715,-1.441
81693,AMN,-3.448,-1.786,-2.201,-1.138
100128036,KLF7P1,-3.448,-1.786,-1.821,-0.865
653808,ZG16,-3.461,-1.791,-1.618,-0.694
166012,CHST13,-3.500,-1.807,-2.240,-1.163
4129,MAOB,-3.548,-1.827,-2.635,-1.398
729767,CEACAM18,-3.593,-1.845,-2.187,-1.129
1636,ACE,-3.612,-1.853,-2.470,-1.304
4311,MME,-3.626,-1.858,-2.510,-1.328
83876,MRO,-3.782,-1.919,-2.524,-1.336
392364,LOC392364,-3.795,-1.924,-4.338,-2.117
9965,FGF19,-3.811,-1.930,-2.749,-1.459
6514,SLC2A2,-3.830,-1.937,-2.302,-1.203
59272,ACE2,-3.852,-1.946,-2.693,-1.429
730130,TMEM229A,-3.862,-1.950,-2.404,-1.266
90019,SYT8,-3.898,-1.963,-2.083,-1.058
1773,DNASE1,-3.933,-1.976,-2.444,-1.289
3795,KHK,-3.941,-1.979,-2.251,-1.170
4922,NTS,-3.943,-1.979,-3.248,-1.700
9970,NR1I3,-3.948,-1.981,-2.553,-1.352
6527,SLC5A4,-3.952,-1.983,-3.903,-1.965
5105,PCK1,-3.980,-1.993,-3.563,-1.833
11136,SLC7A9,-3.996,-1.998,-3.058,-1.613
339221,ENPP7,-4.010,-2.004,-1.974,-0.981
57549,IGSF9,-4.028,-2.010,-3.045,-1.606
6512,SLC1A7,-4.035,-2.013,-3.164,-1.662
1555,CYP2B6,-4.050,-2.018,-2.878,-1.525
6564,SLC15A1,-4.109,-2.039,-2.720,-1.444
84688,C9orf24,-4.110,-2.039,-2.939,-1.555
340024,SLC6A19,-4.121,-2.043,-2.700,-1.433
327657,SERPINA9,-4.149,-2.053,-6.715,-2.747
84699,CREB3L3,-4.175,-2.062,-2.853,-1.513
11076,TPPP,-4.176,-2.062,-2.799,-1.485
100507500,LOC100507500,-4.176,-2.062,-3.512,-1.812
9032,TM4SF5,-4.186,-2.066,-2.681,-1.423
6822,SULT2A1,-4.203,-2.072,-3.350,-1.744
11181,TREH,-4.231,-2.081,-3.210,-1.682
9963,SLC23A1,-4.278,-2.097,-3.164,-1.662
54575,UGT1A10,-4.284,-2.099,-3.358,-1.748
151056,PLB1,-4.426,-2.146,-2.973,-1.572
3769,KCNJ13,-4.431,-2.148,-3.654,-1.869
100130111,LOC100130111,-4.436,-2.149,-3.291,-1.718
92840,REEP6,-4.468,-2.159,-2.788,-1.479
54578,UGT1A6,-4.488,-2.166,-4.253,-2.088
100507203,LOC100507203,-4.495,-2.168,-3.595,-1.846
7125,TNNC2,-4.514,-2.174,-3.085,-1.625
4852,NPY,-4.514,-2.174,-3.109,-1.636
246213,SLC17A8,-4.544,-2.184,-3.274,-1.711
9058,SLC13A2,-4.559,-2.189,-2.753,-1.461
147710,IGSF23,-4.579,-2.195,-3.315,-1.729
5625,PRODH,-4.621,-2.208,-2.900,-1.536
92736,OTOP2,-4.649,-2.217,-4.361,-2.125
54857,GDPD2,-4.652,-2.218,-2.797,-1.484
10974,C10orf116,-4.670,-2.224,-2.881,-1.527
2980,GUCA2A,-4.670,-2.224,-2.907,-1.540
284422,C19orf77,-4.710,-2.236,-2.825,-1.498
10004,NAALADL1,-4.747,-2.247,-3.257,-1.704
81033,KCNH6,-4.793,-2.261,-3.332,-1.736
9429,ABCG2,-4.850,-2.278,-3.601,-1.848
1800,DPEP1,-4.908,-2.295,-3.043,-1.605
3283,HSD3B1,-4.953,-2.308,-3.549,-1.827
1244,ABCC2,-4.958,-2.310,-4.097,-2.035
5313,PKLR,-4.988,-2.319,-3.807,-1.929
7104,TM4SF4,-4.992,-2.319,-4.490,-2.167
9227,LRAT,-5.062,-2.340,-4.015,-2.005
100048912,CDKN2B-AS1,-5.154,-2.366,-4.466,-2.159
115584,SLC5A11,-5.169,-2.370,-3.276,-1.712
4225,MEP1B,-5.198,-2.378,-4.181,-2.064
7512,XPNPEP2,-5.284,-2.402,-3.488,-1.803
92211,CDHR1,-5.349,-2.419,-4.534,-2.181
337,APOA4,-5.370,-2.425,-4.152,-2.054
8972,MGAM,-5.411,-2.436,-2.987,-1.579
283985,FADS6,-5.505,-2.461,-3.407,-1.769
79981,FRMD1,-5.519,-2.464,-4.446,-2.153
56241,SUSD2,-5.676,-2.505,-3.061,-1.614
729,C6,-5.680,-2.506,-6.933,-2.793
1396,CRIP1,-5.766,-2.527,-3.769,-1.914
345,APOC3,-5.805,-2.537,-3.469,-1.794
6532,SLC6A4,-5.859,-2.551,-4.075,-2.027
9073,CLDN8,-5.865,-2.552,-5.350,-2.420
221357,GSTA5,-5.918,-2.565,-4.435,-2.149
338,APOB,-5.932,-2.569,-4.273,-2.095
285492,FLJ35424,-5.945,-2.572,-2.270,-1.183
6561,SLC13A1,-5.950,-2.573,-4.386,-2.133
347741,OTOP3,-5.956,-2.574,-4.264,-2.092
2326,FMO1,-6.003,-2.586,-5.465,-2.450
142680,SLC34A3,-6.019,-2.590,-4.055,-2.020
2938,GSTA1,-6.021,-2.590,-4.691,-2.230
6555,SLC10A2,-6.063,-2.600,-3.673,-1.877
1551,CYP3A7,-6.120,-2.613,-6.602,-2.723
3938,LCT,-6.147,-2.620,-3.735,-1.901
27294,DHDH,-6.152,-2.621,-3.892,-1.960
6425,SFRP5,-6.167,-2.625,-4.216,-2.076
9154,SLC28A1,-6.199,-2.632,-4.651,-2.217
57834,CYP4F11,-6.235,-2.640,-1.927,-0.946
341116,MS4A10,-6.340,-2.665,-4.624,-2.209
151295,SLC23A3,-6.448,-2.689,-4.007,-2.002
130749,CPO,-6.503,-2.701,-5.216,-2.383
13,AADAC,-6.508,-2.702,-5.456,-2.448
1576,CYP3A4,-6.534,-2.708,-6.525,-2.706
2939,GSTA2,-6.570,-2.716,-5.051,-2.337
51471,NAT8B,-6.715,-2.747,-4.639,-2.214
169693,C9orf71,-6.858,-2.778,-7.636,-2.933
6462,SHBG,-6.902,-2.787,-4.451,-2.154
159963,SLC5A12,-7.423,-2.892,-6.021,-2.590
2172,FABP6,-7.552,-2.917,-3.439,-1.782
2981,GUCA2B,-7.768,-2.958,-5.514,-2.463
8435,SOAT2,-7.786,-2.961,-6.485,-2.697
2538,G6PC,-8.011,-3.002,-7.651,-2.936
1271,CNTFR,-8.546,-3.095,-6.979,-2.803
8529,CYP4F2,-8.625,-3.108,-5.742,-2.522
9153,SLC28A2,-9.219,-3.205,-8.322,-3.057
338094,FAM151A,-9.422,-3.236,-8.349,-3.062
8029,CUBN,-9.435,-3.238,-6.882,-2.783
64902,AGXT2,-10.177,-3.347,-6.692,-2.742
9027,NAT8,-10.575,-3.403,-6.818,-2.769
335,APOA1,-10.787,-3.431,-6.552,-2.712
